Date,BTC,2,Indexfund,4,HDFC,6,Gold,8,Mutualfund
2/1/2024,4250781.132,2/1/2024,22120.46392,2/1/2024,1630.953311,2/1/2024,5455.785286,2/1/2024,959.454481
2/2/2024,4252612.155,2/2/2024,22035.5131,2/2/2024,1631.376392,2/2/2024,5457.819141,2/2/2024,959.9048058
2/3/2024,4255285.382,2/3/2024,21391.81296,2/3/2024,1707.131623,2/3/2024,5528.830115,2/3/2024,952.9980469
2/4/2024,4253110.087,2/4/2024,21427.06901,2/4/2024,1622.699363,2/4/2024,5578.688063,2/4/2024,953.889546
2/5/2024,4263295.406,2/5/2024,22105.78492,2/5/2024,1641.865583,2/5/2024,5465.427292,2/5/2024,962.2960168
2/6/2024,4264180.623,2/6/2024,22139.54964,2/6/2024,1646.383025,2/6/2024,5464.121115,2/6/2024,964.044375
2/7/2024,4295488.424,2/7/2024,22143.89403,2/7/2024,1653.987074,2/7/2024,5466.978664,2/7/2024,965.5569746
2/8/2024,4304449.884,2/8/2024,22128.15272,2/8/2024,1649.922238,2/8/2024,5465.361108,2/8/2024,964.8395815
2/9/2024,4297280.359,2/9/2024,22137.92744,2/9/2024,1650.198549,2/9/2024,5469.181817,2/9/2024,965.8067131
2/10/2024,4285953.198,2/10/2024,21540.11936,2/10/2024,1728.782696,2/10/2024,5542.062966,2/10/2024,958.6945795
2/11/2024,4299254.699,2/11/2024,21549.50126,2/11/2024,1635.244087,2/11/2024,5593.849937,2/11/2024,959.1143884
2/12/2024,4324676.699,2/12/2024,22192.26778,2/12/2024,1654.981275,2/12/2024,5482.549849,2/12/2024,967.3253954
2/13/2024,4324765.262,2/13/2024,22179.605,2/13/2024,1657.193318,2/13/2024,5483.20629,2/13/2024,969.8059275
2/14/2024,4337526.015,2/14/2024,22260.5547,2/14/2024,1658.471722,2/14/2024,5487.996396,2/14/2024,970.504258
2/15/2024,4368506.075,2/15/2024,22190.50632,2/15/2024,1655.780257,2/15/2024,5488.247449,2/15/2024,970.7216205
2/16/2024,4362353.194,2/16/2024,22210.69764,2/16/2024,1647.132574,2/16/2024,5493.837522,2/16/2024,970.1129485
2/17/2024,4356275.468,2/17/2024,21545.06072,2/17/2024,1722.250971,2/17/2024,5568.352672,2/17/2024,961.7706964
2/18/2024,4367944.856,2/18/2024,21546.67382,2/18/2024,1628.4507,2/18/2024,5621.602008,2/18/2024,963.2226125
2/19/2024,4381854.275,2/19/2024,22215.18164,2/19/2024,1643.038533,2/19/2024,5511.556983,2/19/2024,969.6364874
2/20/2024,4365771.269,2/20/2024,22193.53459,2/20/2024,1641.268844,2/20/2024,5513.226932,2/20/2024,970.7475539
2/21/2024,4380878.386,2/21/2024,22208.41899,2/21/2024,1641.561906,2/21/2024,5518.757016,2/21/2024,971.8764366
2/22/2024,4407101.149,2/22/2024,22143.0149,2/22/2024,1632.383871,2/22/2024,5519.44569,2/22/2024,971.5192794
2/23/2024,4411214.105,2/23/2024,22125.02683,2/23/2024,1622.296646,2/23/2024,5525.146231,2/23/2024,970.1320625
2/24/2024,4401383.17,2/24/2024,21390.89008,2/24/2024,1694.646173,2/24/2024,5599.424764,2/24/2024,962.0890058
2/25/2024,4402211.807,2/25/2024,21407.02293,2/25/2024,1600.14313,2/25/2024,5652.076127,2/25/2024,962.142606
2/26/2024,4428233.953,2/26/2024,22037.82129,2/26/2024,1610.093703,2/26/2024,5541.063858,2/26/2024,969.0993049
2/27/2024,4437050.594,2/27/2024,22065.33226,2/27/2024,1607.26451,2/27/2024,5541.396334,2/27/2024,970.5870049
2/28/2024,4455407.332,2/28/2024,22061.53656,2/28/2024,1605.964322,2/28/2024,5545.225179,2/28/2024,970.4686515
2/29/2024,4462079.384,2/29/2024,21957.30734,2/29/2024,1594.606132,2/29/2024,5543.863043,2/29/2024,968.3601993
3/1/2024,4460619.868,3/1/2024,21940.40886,3/1/2024,1586.16574,3/1/2024,5547.185266,3/1/2024,966.84527
3/2/2024,4465006.519,3/2/2024,21279.89745,3/2/2024,1658.457138,3/2/2024,5618.787866,3/2/2024,959.5862843
3/3/2024,4458443.994,3/3/2024,21189.46914,3/3/2024,1561.361487,3/3/2024,5668.503161,3/3/2024,958.9500631
3/4/2024,4477880.091,3/4/2024,21836.40759,3/4/2024,1574.902,3/4/2024,5554.339326,3/4/2024,965.9577437
3/5/2024,4491350.041,3/5/2024,21883.07576,3/5/2024,1570.373767,3/5/2024,5551.355903,3/5/2024,967.1373416
3/6/2024,4489220.601,3/6/2024,21893.43161,3/6/2024,1574.176866,3/6/2024,5551.76138,3/6/2024,967.5805019
3/7/2024,4505361.76,3/7/2024,21852.97208,3/7/2024,1565.489809,3/7/2024,5546.929982,3/7/2024,965.8429058
3/8/2024,4508537.876,3/8/2024,21871.34854,3/8/2024,1557.591952,3/8/2024,5546.802179,3/8/2024,967.2015949
3/9/2024,4501014.79,3/9/2024,21127.65136,3/9/2024,1628.773667,3/9/2024,5615.041378,3/9/2024,959.1106857
3/10/2024,4516683.49,3/10/2024,21176.06546,3/10/2024,1539.847781,3/10/2024,5661.548151,3/10/2024,959.4977197
3/11/2024,4524821.235,3/11/2024,21881.08353,3/11/2024,1554.281119,3/11/2024,5544.398311,3/11/2024,966.579936
3/12/2024,4542232.194,3/12/2024,21866.98764,3/12/2024,1558.843286,3/12/2024,5538.716902,3/12/2024,969.033468
3/13/2024,4546689.544,3/13/2024,21928.1954,3/13/2024,1559.300264,3/13/2024,5536.774258,3/13/2024,968.4762871
3/14/2024,4561352.883,3/14/2024,21955.8862,3/14/2024,1555.410807,3/14/2024,5530.001294,3/14/2024,969.7419737
3/15/2024,4583314.834,3/15/2024,21925.35162,3/15/2024,1554.005114,3/15/2024,5528.388601,3/15/2024,969.2341707
3/16/2024,4564597.336,3/16/2024,21309.16949,3/16/2024,1627.599529,3/16/2024,5595.641821,3/16/2024,963.572444
3/17/2024,4555831.887,3/17/2024,21310.62621,3/17/2024,1539.147866,3/17/2024,5641.694709,3/17/2024,963.6674736
3/18/2024,4568428.281,3/18/2024,22021.74184,3/18/2024,1556.281987,3/18/2024,5524.646224,3/18/2024,972.3085247
3/19/2024,4586518.001,3/19/2024,22116.1478,3/19/2024,1560.289372,3/19/2024,5519.633739,3/19/2024,974.4181619
3/20/2024,4613967.644,3/20/2024,22125.10118,3/20/2024,1563.446549,3/20/2024,5518.928554,3/20/2024,977.2346636
3/21/2024,4598192.423,3/21/2024,22114.05213,3/21/2024,1564.488063,3/21/2024,5513.950897,3/21/2024,976.7826894
3/22/2024,4595368.962,3/22/2024,22164.88757,3/22/2024,1562.107014,3/22/2024,5514.668985,3/22/2024,978.1042531
3/23/2024,4627019.708,3/23/2024,21577.78204,3/23/2024,1638.959027,3/23/2024,5584.754652,3/23/2024,971.7945606
3/24/2024,4624941.557,3/24/2024,21525.60908,3/24/2024,1548.506837,3/24/2024,5634.096927,3/24/2024,972.4493952
3/25/2024,4635605.546,3/25/2024,22318.30882,3/25/2024,1571.695714,3/25/2024,5520.739908,3/25/2024,980.9333515
3/26/2024,4643115.629,3/26/2024,22328.93807,3/26/2024,1575.138467,3/26/2024,5519.757006,3/26/2024,983.3365685
3/27/2024,4664859.821,3/27/2024,22382.95249,3/27/2024,1579.304986,3/27/2024,5523.34772,3/27/2024,985.7175772
3/28/2024,4661001.861,3/28/2024,22361.96588,3/28/2024,1576.585379,3/28/2024,5522.854106,3/28/2024,984.6561621
3/29/2024,4661505.531,3/29/2024,22360.01886,3/29/2024,1572.289134,3/29/2024,5528.161476,3/29/2024,985.60322
3/30/2024,4658685.598,3/30/2024,21768.3727,3/30/2024,1651.049657,3/30/2024,5602.855786,3/30/2024,979.6966772
3/31/2024,4675809.565,3/31/2024,21789.39681,3/31/2024,1564.123079,3/31/2024,5656.739072,3/31/2024,981.473802
4/1/2024,4674277.485,4/1/2024,22484.84036,4/1/2024,1581.889784,4/1/2024,5547.769229,4/1/2024,988.4584769
4/2/2024,4696890.31,4/2/2024,22498.4048,4/2/2024,1584.181763,4/2/2024,5550.936146,4/2/2024,992.0455931
4/3/2024,4696263.486,4/3/2024,22526.19699,4/3/2024,1588.193997,4/3/2024,5558.360338,4/3/2024,992.9128997
4/4/2024,4732484.493,4/4/2024,22545.46962,4/4/2024,1586.944543,4/4/2024,5561.311167,4/4/2024,993.2758525
4/5/2024,4740006.885,4/5/2024,22626.50324,4/5/2024,1580.576465,4/5/2024,5569.609153,4/5/2024,991.4747094
4/6/2024,4719148.554,4/6/2024,21901.19637,4/6/2024,1652.946139,4/6/2024,5646.784808,4/6/2024,987.2051694
4/7/2024,4720724.753,4/7/2024,21914.87234,4/7/2024,1565.46581,4/7/2024,5702.595281,4/7/2024,988.0815532
4/8/2024,4743378.649,4/8/2024,22666.72097,4/8/2024,1580.943723,4/8/2024,5594.96511,4/8/2024,995.8989735
4/9/2024,4737721.267,4/9/2024,22660.81196,4/9/2024,1579.7304,4/9/2024,5598.863059,4/9/2024,995.9260158
4/10/2024,4756614.378,4/10/2024,22678.75569,4/10/2024,1581.731572,4/10/2024,5606.401146,4/10/2024,997.9090116
4/11/2024,4757065.289,4/11/2024,22652.69382,4/11/2024,1578.010219,4/11/2024,5608.852977,4/11/2024,997.5008273
4/12/2024,4757360.251,4/12/2024,22681.81565,4/12/2024,1572.32331,4/12/2024,5616.055848,4/12/2024,997.6415492
4/13/2024,4772284.147,4/13/2024,22089.31353,4/13/2024,1647.127065,4/13/2024,5691.569074,4/13/2024,991.6865156
4/14/2024,4778360.195,4/14/2024,22006.48119,4/14/2024,1554.948117,4/14/2024,5745.189854,4/14/2024,991.3411246
4/15/2024,4782097.498,4/15/2024,22698.68382,4/15/2024,1568.785182,4/15/2024,5634.892952,4/15/2024,998.7560615
4/16/2024,4786456.992,4/16/2024,22745.41981,4/16/2024,1572.498683,4/16/2024,5635.706245,4/16/2024,1000.53292
4/17/2024,4828606.801,4/17/2024,22842.58913,4/17/2024,1572.910715,4/17/2024,5639.808248,4/17/2024,1001.688926
4/18/2024,4812495.558,4/18/2024,22840.8762,4/18/2024,1564.746768,4/18/2024,5638.544776,4/18/2024,1001.488543
4/19/2024,4817804.844,4/19/2024,22817.60385,4/19/2024,1561.074879,4/19/2024,5641.82925,4/19/2024,1001.025638
4/20/2024,4819619.689,4/20/2024,22193.61734,4/20/2024,1632.473964,4/20/2024,5713.299168,4/20/2024,993.153825
4/21/2024,4820091.387,4/21/2024,22158.22552,4/21/2024,1542.304388,4/21/2024,5762.83006,4/21/2024,994.3441153
4/22/2024,4848815.847,4/22/2024,22855.71762,4/22/2024,1553.125387,4/22/2024,5648.47331,4/22/2024,1000.93241
4/23/2024,4853589.191,4/23/2024,22856.28457,4/23/2024,1554.663549,4/23/2024,5645.329891,4/23/2024,1002.181751
4/24/2024,4862664.345,4/24/2024,22949.21267,4/24/2024,1555.180631,4/24/2024,5645.646212,4/24/2024,1004.392792
4/25/2024,4885694.893,4/25/2024,22935.45094,4/25/2024,1552.887099,4/25/2024,5640.829251,4/25/2024,1002.146485
4/26/2024,4876909.816,4/26/2024,22938.75319,4/26/2024,1540.787344,4/26/2024,5640.84555,4/26/2024,1002.596408
4/27/2024,4881199.748,4/27/2024,22243.97697,4/27/2024,1615.900861,4/27/2024,5709.376581,4/27/2024,995.0093519
4/28/2024,4868392.368,4/28/2024,22274.09982,4/28/2024,1519.670212,4/28/2024,5756.331891,4/28/2024,994.7589305
4/29/2024,4895370.623,4/29/2024,22931.65858,4/29/2024,1538.421764,4/29/2024,5639.786363,4/29/2024,1001.940127
4/30/2024,4880636.173,4/30/2024,22945.71937,4/30/2024,1538.086328,4/30/2024,5634.853708,4/30/2024,1003.227957
5/1/2024,4912665.723,5/1/2024,23008.58414,5/1/2024,1539.068421,5/1/2024,5633.782342,5/1/2024,1003.972522
5/2/2024,4914719.588,5/2/2024,23017.2263,5/2/2024,1530.961686,5/2/2024,5627.970865,5/2/2024,1003.714291
5/3/2024,4929056.475,5/3/2024,22966.80568,5/3/2024,1524.124102,5/3/2024,5627.367658,5/3/2024,1004.065976
5/4/2024,4935820.249,5/4/2024,22265.80859,5/4/2024,1593.186758,5/4/2024,5695.627134,5/4/2024,995.5438507
5/5/2024,4941194.712,5/5/2024,22374.67127,5/5/2024,1505.936845,5/5/2024,5742.623976,5/5/2024,995.9659135
5/6/2024,4949587.98,5/6/2024,22994.50645,5/6/2024,1519.792414,5/6/2024,5626.39171,5/6/2024,1002.773261
5/7/2024,4949496.249,5/7/2024,22990.42259,5/7/2024,1522.216974,5/7/2024,5621.997656,5/7/2024,1005.557374
5/8/2024,4976534.208,5/8/2024,23071.81029,5/8/2024,1521.33449,5/8/2024,5621.640386,5/8/2024,1007.015761
5/9/2024,4967201.515,5/9/2024,23070.16452,5/9/2024,1516.634351,5/9/2024,5616.66685,5/9/2024,1006.93738
5/10/2024,4988694.191,5/10/2024,23049.6973,5/10/2024,1516.731834,5/10/2024,5616.973645,5/10/2024,1007.580295
5/11/2024,4983391.871,5/11/2024,22363.98659,5/11/2024,1589.158459,5/11/2024,5686.164904,5/11/2024,999.3169792
5/12/2024,4979875.444,5/12/2024,22422.71996,5/12/2024,1496.178743,5/12/2024,5734.06811,5/12/2024,1001.742885
5/13/2024,5002201.414,5/13/2024,23075.27097,5/13/2024,1512.185815,5/13/2024,5618.674106,5/13/2024,1008.269695
5/14/2024,5003086.558,5/14/2024,23083.00533,5/14/2024,1516.530759,5/14/2024,5615.013338,5/14/2024,1011.639345
5/15/2024,5039099.107,5/15/2024,23126.93962,5/15/2024,1522.512293,5/15/2024,5615.254401,5/15/2024,1012.065316
5/16/2024,5030117.196,5/16/2024,23196.58057,5/16/2024,1516.88127,5/16/2024,5610.722013,5/16/2024,1013.468973
5/17/2024,5053568.82,5/17/2024,23157.16713,5/17/2024,1512.656245,5/17/2024,5611.298898,5/17/2024,1013.963078
5/18/2024,5031826.359,5/18/2024,22473.33451,5/18/2024,1587.632382,5/18/2024,5680.583999,5/18/2024,1008.257679
5/19/2024,5053591.528,5/19/2024,22592.01392,5/19/2024,1503.201249,5/19/2024,5728.408346,5/19/2024,1008.405604
5/20/2024,5054589.301,5/20/2024,23272.07369,5/20/2024,1519.934842,5/20/2024,5612.774843,5/20/2024,1018.997406
5/21/2024,5063162.366,5/21/2024,23300.93867,5/21/2024,1523.632092,5/21/2024,5608.734005,5/21/2024,1021.191863
5/22/2024,5083174.401,5/22/2024,23462.00629,5/22/2024,1528.703159,5/22/2024,5608.481749,5/22/2024,1023.386484
5/23/2024,5087021.613,5/23/2024,23411.07246,5/23/2024,1526.080262,5/23/2024,5603.37638,5/23/2024,1023.995678
5/24/2024,5091519.812,5/24/2024,23428.67034,5/24/2024,1520.040959,5/24/2024,5603.339277,5/24/2024,1024.174288
5/25/2024,5076447.389,5/25/2024,22861.82179,5/25/2024,1599.945163,5/25/2024,5672.011744,5/25/2024,1018.889983
5/26/2024,5104237.934,5/26/2024,22852.25585,5/26/2024,1510.12995,5/26/2024,5719.269395,5/26/2024,1021.080971
5/27/2024,5126682.793,5/27/2024,23586.01478,5/27/2024,1529.660621,5/27/2024,5603.160365,5/27/2024,1030.574208
5/28/2024,5114755.726,5/28/2024,23602.20455,5/28/2024,1536.186283,5/28/2024,5598.779451,5/28/2024,1034.165867
5/29/2024,5149391.722,5/29/2024,23663.45303,5/29/2024,1535.933905,5/29/2024,5598.364313,5/29/2024,1036.768426
5/30/2024,5158265.818,5/30/2024,23758.79514,5/30/2024,1533.180163,5/30/2024,5593.310938,5/30/2024,1036.177672
5/31/2024,5142587.785,5/31/2024,23743.95698,5/31/2024,1528.132883,5/31/2024,5593.572909,5/31/2024,1038.558588
6/1/2024,5144680.333,6/1/2024,23140.42219,6/1/2024,1606.682131,6/1/2024,5662.817004,6/1/2024,1031.758078
6/2/2024,5151788.992,6/2/2024,23127.41624,6/2/2024,1519.513853,6/2/2024,5710.936508,6/2/2024,1033.530969
6/3/2024,5155398.167,6/3/2024,23885.43328,6/3/2024,1534.178847,6/3/2024,5595.988595,6/3/2024,1043.249192
6/4/2024,5179728.289,6/4/2024,23921.53464,6/4/2024,1535.497585,6/4/2024,5593.067881,6/4/2024,1044.907199
6/5/2024,5189089.797,6/5/2024,23961.8063,6/5/2024,1539.317781,6/5/2024,5594.40232,6/5/2024,1047.420861
6/6/2024,5184564.095,6/6/2024,23941.72569,6/6/2024,1534.314448,6/6/2024,5591.368653,6/6/2024,1047.985432
6/7/2024,5197114.034,6/7/2024,24044.30807,6/7/2024,1535.647942,6/7/2024,5593.891945,6/7/2024,1046.823586
6/8/2024,5199093.32,6/8/2024,23389.83195,6/8/2024,1605.182198,6/8/2024,5665.601753,6/8/2024,1043.946197
6/9/2024,5189799.852,6/9/2024,23349.25371,6/9/2024,1515.718376,6/9/2024,5716.346265,6/9/2024,1042.182306
6/10/2024,5221058.675,6/10/2024,24068.26343,6/10/2024,1532.839932,6/10/2024,5604.130777,6/10/2024,1050.625959
6/11/2024,5220702.387,6/11/2024,24093.33048,6/11/2024,1533.034762,6/11/2024,5603.992559,6/11/2024,1051.748451
6/12/2024,5237443.066,6/12/2024,24137.70714,6/12/2024,1537.8569,6/12/2024,5608.098255,6/12/2024,1054.521546
6/13/2024,5252373.104,6/13/2024,24070.38657,6/13/2024,1533.13267,6/13/2024,5607.760981,6/13/2024,1052.84753
6/14/2024,5267806.647,6/14/2024,24117.5041,6/14/2024,1530.088998,6/14/2024,5612.841624,6/14/2024,1053.021625
6/15/2024,5234128.632,6/15/2024,23444.47856,6/15/2024,1605.927784,6/15/2024,5686.906809,6/15/2024,1045.89379
6/16/2024,5262902.813,6/16/2024,23480.41055,6/16/2024,1513.232068,6/16/2024,5739.744861,6/16/2024,1045.188652
6/17/2024,5254802.57,6/17/2024,24155.73562,6/17/2024,1533.427472,6/17/2024,5629.306033,6/17/2024,1054.194673
6/18/2024,5283323.535,6/18/2024,24171.4335,6/18/2024,1532.606112,6/18/2024,5630.579039,6/18/2024,1056.812504
6/19/2024,5282617.161,6/19/2024,24192.69407,6/19/2024,1538.63275,6/19/2024,5635.689967,6/19/2024,1057.356318
6/20/2024,5292464.478,6/20/2024,24227.2482,6/20/2024,1534.721923,6/20/2024,5635.920693,6/20/2024,1056.242625
6/21/2024,5300296.111,6/21/2024,24193.8155,6/21/2024,1533.516585,6/21/2024,5641.111271,6/21/2024,1054.704069
6/22/2024,5313854.424,6/22/2024,23547.16274,6/22/2024,1608.582318,6/22/2024,5714.818714,6/22/2024,1048.489804
6/23/2024,5285104.57,6/23/2024,23594.63711,6/23/2024,1522.405353,6/23/2024,5766.833485,6/23/2024,1047.327418
6/24/2024,5324823.954,6/24/2024,24230.89654,6/24/2024,1543.655469,6/24/2024,5655.11994,6/24/2024,1058.313473
6/25/2024,5322252.469,6/25/2024,24179.02425,6/25/2024,1547.801419,6/25/2024,5654.692748,6/25/2024,1059.114179
6/26/2024,5348572.967,6/26/2024,24265.12797,6/26/2024,1549.833156,6/26/2024,5657.715382,6/26/2024,1061.362264
6/27/2024,5370331.433,6/27/2024,24347.23925,6/27/2024,1552.041512,6/27/2024,5655.51778,6/27/2024,1060.587193
6/28/2024,5370020.666,6/28/2024,24337.98754,6/28/2024,1548.216129,6/28/2024,5657.997693,6/28/2024,1061.506822
6/29/2024,5373107.495,6/29/2024,23710.33552,6/29/2024,1626.496892,6/29/2024,5728.778151,6/29/2024,1055.379391
6/30/2024,5369365.059,6/30/2024,23644.74008,6/30/2024,1535.685416,6/30/2024,5777.722391,6/30/2024,1056.927521
7/1/2024,5378998.186,7/1/2024,24414.70397,7/1/2024,1556.824586,7/1/2024,5662.872542,7/1/2024,1066.082858
7/2/2024,5368215.959,7/2/2024,24496.3397,7/2/2024,1561.657992,7/2/2024,5659.324131,7/2/2024,1068.926581
7/3/2024,5420155.266,7/3/2024,24497.85798,7/3/2024,1565.081681,7/3/2024,5659.322544,7/3/2024,1071.414077
7/4/2024,5402202.618,7/4/2024,24580.72141,7/4/2024,1567.445459,7/4/2024,5654.278621,7/4/2024,1070.784751
7/5/2024,5420844.523,7/5/2024,24577.8644,7/5/2024,1567.525463,7/5/2024,5654.167921,7/5/2024,1073.818756
7/6/2024,5419120.965,7/6/2024,23922.89211,7/6/2024,1640.91238,7/6/2024,5722.686178,7/6/2024,1064.536495
7/7/2024,5423579.517,7/7/2024,23993.16633,7/7/2024,1552.532869,7/7/2024,5769.762318,7/7/2024,1068.009516
7/8/2024,5443211.105,7/8/2024,24785.23792,7/8/2024,1570.158027,7/8/2024,5653.495403,7/8/2024,1076.58834
7/9/2024,5440631.942,7/9/2024,24750.68595,7/9/2024,1572.894131,7/9/2024,5649.027598,7/9/2024,1077.828211
7/10/2024,5443375.714,7/10/2024,24811.0227,7/10/2024,1578.435115,7/10/2024,5648.639355,7/10/2024,1082.69984
7/11/2024,5448042.86,7/11/2024,24895.74974,7/11/2024,1571.372524,7/11/2024,5643.764005,7/11/2024,1083.39524
7/12/2024,5483578.06,7/12/2024,24881.72831,7/12/2024,1566.904491,7/12/2024,5644.386343,7/12/2024,1083.915127
7/13/2024,5473277.873,7/13/2024,24263.00802,7/13/2024,1640.966028,7/13/2024,5714.197731,7/13/2024,1078.921792
7/14/2024,5476238.327,7/14/2024,24311.06593,7/14/2024,1552.196807,7/14/2024,5763.109111,7/14/2024,1079.465243
7/15/2024,5495199.861,7/15/2024,24977.68647,7/15/2024,1565.880242,7/15/2024,5649.188287,7/15/2024,1088.810114
7/16/2024,5499541.714,7/16/2024,25109.31629,7/16/2024,1568.591585,7/16/2024,5647.533571,7/16/2024,1090.012949
7/17/2024,5543532.465,7/17/2024,25095.48359,7/17/2024,1572.194972,7/17/2024,5650.369957,7/17/2024,1093.793531
7/18/2024,5528092.3,7/18/2024,25194.43044,7/18/2024,1565.602541,7/18/2024,5649.065012,7/18/2024,1093.06225
7/19/2024,5538972.879,7/19/2024,25157.79001,7/19/2024,1554.817537,7/19/2024,5653.529014,7/19/2024,1094.747882
7/20/2024,5528307.559,7/20/2024,24501.02649,7/20/2024,1628.481651,7/20/2024,5727.37183,7/20/2024,1090.235205
7/21/2024,5532453.991,7/21/2024,24593.36894,7/21/2024,1542.872414,7/21/2024,5780.417881,7/21/2024,1089.735263
7/22/2024,5550907.119,7/22/2024,25309.49072,7/22/2024,1555.841649,7/22/2024,5670.645504,7/22/2024,1097.883309
7/23/2024,5538782.211,7/23/2024,25391.97215,7/23/2024,1556.990186,7/23/2024,5673.062746,7/23/2024,1098.556543
7/24/2024,5557787.553,7/24/2024,25437.19202,7/24/2024,1558.24051,7/24/2024,5679.805706,7/24/2024,1103.21397
7/25/2024,5574940.774,7/25/2024,25385.76424,7/25/2024,1551.415648,7/25/2024,5682.156551,7/25/2024,1102.816613
7/26/2024,5579295.503,7/26/2024,25335.0759,7/26/2024,1541.780255,7/26/2024,5689.945681,7/26/2024,1103.001605
7/27/2024,5572473.341,7/27/2024,24852.25652,7/27/2024,1614.70446,7/27/2024,5766.7105,7/27/2024,1097.196603
7/28/2024,5587329.832,7/28/2024,24864.12635,7/28/2024,1524.016585,7/28/2024,5822.212064,7/28/2024,1097.375115
7/29/2024,5600697.999,7/29/2024,25611.76161,7/29/2024,1539.834924,7/29/2024,5714.3759,7/29/2024,1107.568281
7/30/2024,5619657.095,7/30/2024,25585.34477,7/30/2024,1540.340404,7/30/2024,5718.168981,7/30/2024,1106.851396
7/31/2024,5624194.844,7/31/2024,25615.31131,7/31/2024,1539.243262,7/31/2024,5725.698945,7/31/2024,1109.817393
8/1/2024,5645260.716,8/1/2024,25767.73781,8/1/2024,1537.123865,8/1/2024,5728.232662,8/1/2024,1112.302494
8/2/2024,5629571.064,8/2/2024,25644.32354,8/2/2024,1531.525273,8/2/2024,5735.598632,8/2/2024,1110.055668
8/3/2024,5622690.265,8/3/2024,25050.74461,8/3/2024,1605.016842,8/3/2024,5811.345632,8/3/2024,1104.128256
8/4/2024,5647693.188,8/4/2024,25146.52673,8/4/2024,1513.105843,8/4/2024,5865.258921,8/4/2024,1104.33347
8/5/2024,5660973.624,8/5/2024,25843.25673,8/5/2024,1536.120673,8/5/2024,5755.300295,8/5/2024,1112.051662
8/6/2024,5661650.901,8/6/2024,25869.37498,8/6/2024,1532.563456,8/6/2024,5756.484008,8/6/2024,1112.106496
8/7/2024,5667972.804,8/7/2024,25890.11397,8/7/2024,1531.687332,8/7/2024,5760.974671,8/7/2024,1115.356956
8/8/2024,5681737.016,8/8/2024,26030.12397,8/8/2024,1538.949535,8/8/2024,5760.10428,8/8/2024,1118.16841
8/9/2024,5676932.58,8/9/2024,26005.92639,8/9/2024,1533.326854,8/9/2024,5763.772881,8/9/2024,1114.474325
8/10/2024,5686813.162,8/10/2024,25325.50948,8/10/2024,1606.402147,8/10/2024,5835.605362,8/10/2024,1109.384439
8/11/2024,5692893.284,8/11/2024,25415.61801,8/11/2024,1515.640913,8/11/2024,5885.465713,8/11/2024,1110.682054
8/12/2024,5708937.967,8/12/2024,26091.59858,8/12/2024,1536.215315,8/12/2024,5771.395106,8/12/2024,1119.121263
8/13/2024,5733743.141,8/13/2024,26109.08021,8/13/2024,1537.672431,8/13/2024,5768.485857,8/13/2024,1122.935312
8/14/2024,5737677.868,8/14/2024,26222.92745,8/14/2024,1540.818016,8/14/2024,5768.977443,8/14/2024,1123.685999
8/15/2024,5747078.842,8/15/2024,26192.72126,8/15/2024,1541.854131,8/15/2024,5764.271771,8/15/2024,1123.142671
8/16/2024,5739256.868,8/16/2024,26327.10917,8/16/2024,1539.84101,8/16/2024,5764.332244,8/16/2024,1122.893172
8/17/2024,5746354.023,8/17/2024,25628.17131,8/17/2024,1620.266661,8/17/2024,5832.839158,8/17/2024,1117.325586
8/18/2024,5756687.973,8/18/2024,25705.46638,8/18/2024,1523.029407,8/18/2024,5879.70282,8/18/2024,1119.170516
8/19/2024,5772254.56,8/19/2024,26376.25246,8/19/2024,1546.674197,8/19/2024,5763.000737,8/19/2024,1125.983281
8/20/2024,5782021.428,8/20/2024,26403.83311,8/20/2024,1551.103732,8/20/2024,5757.850979,8/20/2024,1126.277555
8/21/2024,5796046.32,8/21/2024,26434.66588,8/21/2024,1551.978345,8/21/2024,5756.507899,8/21/2024,1130.063398
8/22/2024,5803315.445,8/22/2024,26470.61448,8/22/2024,1552.378745,8/22/2024,5750.377393,8/22/2024,1130.040376
8/23/2024,5806226.891,8/23/2024,26459.47555,8/23/2024,1545.828826,8/23/2024,5749.416263,8/23/2024,1129.471599
8/24/2024,5816669.96,8/24/2024,25839.25558,8/24/2024,1627.322002,8/24/2024,5817.288187,8/24/2024,1121.059975
8/25/2024,5789049.471,8/25/2024,25883.54309,8/25/2024,1536.936244,8/25/2024,5863.877666,8/25/2024,1122.227324
8/26/2024,5820707.103,8/26/2024,26582.48331,8/26/2024,1554.597608,8/26/2024,5747.228282,8/26/2024,1134.049609
8/27/2024,5809758.721,8/27/2024,26533.72575,8/27/2024,1558.22259,8/27/2024,5742.417322,8/27/2024,1134.353487
8/28/2024,5837713.005,8/28/2024,26662.28,8/28/2024,1567.383324,8/28/2024,5741.652925,8/28/2024,1136.185833
8/29/2024,5862173.209,8/29/2024,26717.96582,8/29/2024,1561.028263,8/29/2024,5736.290877,8/29/2024,1135.071271
8/30/2024,5853831.919,8/30/2024,26728.53863,8/30/2024,1558.70629,8/30/2024,5736.235585,8/30/2024,1135.110836
8/31/2024,5844832.157,8/31/2024,26062.68819,8/31/2024,1629.426822,8/31/2024,5805.097689,8/31/2024,1129.557557
9/1/2024,5850648.6,9/1/2024,26065.26011,9/1/2024,1545.565315,9/1/2024,5852.709616,9/1/2024,1130.272032
9/2/2024,5879403.384,9/2/2024,26730.14766,9/2/2024,1558.114348,9/2/2024,5737.065388,9/2/2024,1138.577595
9/3/2024,5898332.247,9/3/2024,26787.75525,9/3/2024,1560.492295,9/3/2024,5733.196686,9/3/2024,1141.103341
9/4/2024,5934874.695,9/4/2024,26928.03741,9/4/2024,1566.031363,9/4/2024,5733.271276,9/4/2024,1141.124184
9/5/2024,5901505.998,9/5/2024,26863.81489,9/5/2024,1557.946023,9/5/2024,5728.61092,9/5/2024,1142.07496
9/6/2024,5930874.354,9/6/2024,26922.59399,9/6/2024,1559.139467,9/6/2024,5729.09324,9/6/2024,1141.636626
9/7/2024,5915763.223,9/7/2024,26271.5922,9/7/2024,1626.627458,9/7/2024,5798.309984,9/7/2024,1134.880662
9/8/2024,5892481.211,9/8/2024,26188.84137,9/8/2024,1537.398535,9/8/2024,5846.083003,9/8/2024,1137.755938
9/9/2024,5927999.589,9/9/2024,26973.00931,9/9/2024,1552.490319,9/9/2024,5730.404209,9/9/2024,1141.838669
9/10/2024,5955933.961,9/10/2024,27004.39931,9/10/2024,1554.154487,9/10/2024,5726.311536,9/10/2024,1146.005006
9/11/2024,5958252.369,9/11/2024,26977.70758,9/11/2024,1558.572106,9/11/2024,5725.987024,9/11/2024,1148.048208
9/12/2024,5949411.615,9/12/2024,27010.48483,9/12/2024,1543.104867,9/12/2024,5720.77414,9/12/2024,1147.183485
9/13/2024,5980286.71,9/13/2024,26994.58051,9/13/2024,1544.318878,9/13/2024,5720.578842,9/13/2024,1146.278019
9/14/2024,5959951.565,9/14/2024,26345.15481,9/14/2024,1616.016089,9/14/2024,5789.026863,9/14/2024,1137.035184
9/15/2024,5990450.22,9/15/2024,26462.17746,9/15/2024,1522.492881,9/15/2024,5835.97854,9/15/2024,1139.931162
9/16/2024,5991565.792,9/16/2024,27053.52523,9/16/2024,1538.938819,9/16/2024,5719.467508,9/16/2024,1145.972381
9/17/2024,5984950.21,9/17/2024,27085.84818,9/17/2024,1542.684158,9/17/2024,5714.57532,9/17/2024,1151.106396
9/18/2024,6016811.27,9/18/2024,27075.65178,9/18/2024,1541.86282,9/18/2024,5713.528137,9/18/2024,1151.130841
9/19/2024,6018442.183,9/19/2024,27126.74567,9/19/2024,1530.645506,9/19/2024,5707.712662,9/19/2024,1149.064976
9/20/2024,6040475.516,9/20/2024,27072.51567,9/20/2024,1525.485189,9/20/2024,5707.075859,9/20/2024,1149.667032
9/21/2024,6045609.484,9/21/2024,26459.28037,9/21/2024,1601.399054,9/21/2024,5775.280964,9/21/2024,1140.867961
9/22/2024,6058417.601,9/22/2024,26416.42996,9/22/2024,1503.788181,9/22/2024,5822.221156,9/22/2024,1140.955279
9/23/2024,6028543.313,9/23/2024,27049.70486,9/23/2024,1520.680329,9/23/2024,5705.95725,9/23/2024,1148.70479
9/24/2024,6065784.913,9/24/2024,27122.90663,9/24/2024,1524.081254,9/24/2024,5701.591475,9/24/2024,1151.650105
9/25/2024,6066608.57,9/25/2024,27251.58617,9/25/2024,1525.536912,9/25/2024,5701.363531,9/25/2024,1151.648086
9/26/2024,6082962.551,9/26/2024,27162.80615,9/26/2024,1519.817903,9/26/2024,5696.666095,9/26/2024,1149.659008
9/27/2024,6081001.044,9/27/2024,27147.10502,9/27/2024,1516.102033,9/27/2024,5697.444336,9/27/2024,1147.874263
9/28/2024,6089969.385,9/28/2024,26478.93535,9/28/2024,1587.320978,9/28/2024,5767.351946,9/28/2024,1142.651718
9/29/2024,6106738.404,9/29/2024,26432.78542,9/29/2024,1495.888998,9/29/2024,5816.265056,9/29/2024,1142.582875
9/30/2024,6111355.614,9/30/2024,27137.40253,9/30/2024,1513.613262,9/30/2024,5702.220377,9/30/2024,1149.878514
10/1/2024,6105833.99,10/1/2024,27190.41091,10/1/2024,1514.943557,10/1/2024,5700.28963,10/1/2024,1151.66014
10/2/2024,6143718.553,10/2/2024,27193.13466,10/2/2024,1519.913641,10/2/2024,5702.676425,10/2/2024,1153.358065
10/3/2024,6148068,10/3/2024,27190.03303,10/3/2024,1516.442782,10/3/2024,5700.732735,10/3/2024,1149.259451
10/4/2024,6136257.325,10/4/2024,27243.35615,10/4/2024,1513.451915,10/4/2024,5704.359499,10/4/2024,1149.935439
10/5/2024,6145250.783,10/5/2024,26548.55468,10/5/2024,1590.691513,10/5/2024,5777.163826,10/5/2024,1144.415352
10/6/2024,6151396.67,10/6/2024,26607.36847,10/6/2024,1501.033574,10/6/2024,5828.974132,10/6/2024,1146.28891
10/7/2024,6127417.423,10/7/2024,27245.83845,10/7/2024,1519.785201,10/7/2024,5717.779513,10/7/2024,1152.362045
10/8/2024,6146237.426,10/8/2024,27335.42993,10/8/2024,1520.845094,10/8/2024,5718.605389,10/8/2024,1154.121341
10/9/2024,6184003.842,10/9/2024,27369.73888,10/9/2024,1525.934132,10/9/2024,5723.611536,10/9/2024,1157.007211
10/10/2024,6193145.542,10/10/2024,27353.50364,10/10/2024,1529.52417,10/10/2024,5724.109623,10/10/2024,1153.503184
10/11/2024,6203435.56,10/11/2024,27348.92247,10/11/2024,1527.934243,10/11/2024,5729.964766,10/11/2024,1156.291959
10/12/2024,6182049.027,10/12/2024,26751.04425,10/12/2024,1610.61262,10/12/2024,5804.75353,10/12/2024,1150.732344
10/13/2024,6197937.742,10/13/2024,26717.25779,10/13/2024,1519.261706,10/13/2024,5858.2797,10/13/2024,1152.414357
10/14/2024,6221270.352,10/14/2024,27426.55598,10/14/2024,1538.361566,10/14/2024,5748.514114,10/14/2024,1160.141672
10/15/2024,6230705.972,10/15/2024,27513.52657,10/15/2024,1541.568312,10/15/2024,5750.470573,10/15/2024,1161.103597
10/16/2024,6234503.328,10/16/2024,27621.61701,10/16/2024,1542.19948,10/16/2024,5756.303941,10/16/2024,1161.419968
10/17/2024,6256598.674,10/17/2024,27661.46621,10/17/2024,1547.719404,10/17/2024,5757.327569,10/17/2024,1162.405313
10/18/2024,6247531.876,10/18/2024,27621.87139,10/18/2024,1541.879685,10/18/2024,5763.414536,10/18/2024,1163.53981
10/19/2024,6253991.775,10/19/2024,26966.09276,10/19/2024,1624.354454,10/19/2024,5838.155179,10/19/2024,1157.632734
10/20/2024,6265254.338,10/20/2024,26985.72213,10/20/2024,1527.080264,10/20/2024,5891.372233,10/20/2024,1160.68426
10/21/2024,6246486.631,10/21/2024,27726.01297,10/21/2024,1549.293382,10/21/2024,5781.059906,10/21/2024,1167.015451
10/22/2024,6295006.131,10/22/2024,27750.48205,10/22/2024,1552.498965,10/22/2024,5782.258916,10/22/2024,1170.116904
10/23/2024,6308194.965,10/23/2024,27814.75948,10/23/2024,1554.454574,10/23/2024,5787.153654,10/23/2024,1171.231338
10/24/2024,6291640.414,10/24/2024,27884.50338,10/24/2024,1550.873002,10/24/2024,5787.088618,10/24/2024,1170.473664
10/25/2024,6310060.099,10/25/2024,27873.5483,10/25/2024,1548.904489,10/25/2024,5791.968648,10/25/2024,1171.360625
10/26/2024,6302788.431,10/26/2024,27257.34277,10/26/2024,1622.498195,10/26/2024,5865.415474,10/26/2024,1164.601666
10/27/2024,6340714.247,10/27/2024,27201.77229,10/27/2024,1527.809638,10/27/2024,5917.281917,10/27/2024,1164.768322
10/28/2024,6337778.336,10/28/2024,27885.40523,10/28/2024,1549.406413,10/28/2024,5805.590098,10/28/2024,1172.492435
10/29/2024,6334960.598,10/29/2024,27939.45211,10/29/2024,1551.233634,10/29/2024,5805.405721,10/29/2024,1172.236101
10/30/2024,6383601.716,10/30/2024,27917.35094,10/30/2024,1556.900742,10/30/2024,5808.934596,10/30/2024,1176.228329
10/31/2024,6364066.258,10/31/2024,27967.62682,10/31/2024,1546.735135,10/31/2024,5807.538579,10/31/2024,1178.049867
11/1/2024,6410223.029,11/1/2024,27994.78958,11/1/2024,1544.947453,11/1/2024,5811.135473,11/1/2024,1177.185105
11/2/2024,6359411.678,11/2/2024,27336.453,11/2/2024,1624.512365,11/2/2024,5883.355396,11/2/2024,1170.046105
11/3/2024,6381938.409,11/3/2024,27326.29919,11/3/2024,1536.373555,11/3/2024,5934.054978,11/3/2024,1169.772199
11/4/2024,6395995.63,11/4/2024,27982.33228,11/4/2024,1548.06943,11/4/2024,5821.255727,11/4/2024,1175.777725
11/5/2024,6396564.857,11/5/2024,27994.9294,11/5/2024,1547.001456,11/5/2024,5820.018625,11/5/2024,1180.561669
11/6/2024,6385975.354,11/6/2024,28043.28345,11/6/2024,1555.371985,11/6/2024,5822.541107,11/6/2024,1180.940621
11/7/2024,6449187.283,11/7/2024,28073.93431,11/7/2024,1547.654501,11/7/2024,5820.173593,11/7/2024,1180.271299
11/8/2024,6423805.946,11/8/2024,28076.44555,11/8/2024,1544.56937,11/8/2024,5822.820076,11/8/2024,1178.477644
11/9/2024,6438463.868,11/9/2024,27376.81025,11/9/2024,1623.892454,11/9/2024,5894.095271,11/9/2024,1174.631607
11/10/2024,6462925.711,11/10/2024,27368.40637,11/10/2024,1536.414803,11/10/2024,5943.83964,11/10/2024,1173.784836
11/11/2024,6447505.007,11/11/2024,28071.47339,11/11/2024,1557.087788,11/11/2024,5830.05862,11/11/2024,1183.965735
11/12/2024,6455312.018,11/12/2024,28068.97358,11/12/2024,1565.570648,11/12/2024,5827.798077,11/12/2024,1185.579681
11/13/2024,6476209.048,11/13/2024,28210.98304,11/13/2024,1569.853785,11/13/2024,5829.242117,11/13/2024,1185.443162
11/14/2024,6483470.216,11/14/2024,28131.76239,11/14/2024,1560.635241,11/14/2024,5825.730385,11/14/2024,1187.70175
11/15/2024,6523890.173,11/15/2024,28176.86445,11/15/2024,1561.243603,11/15/2024,5827.159344,11/15/2024,1186.993267
11/16/2024,6518181.471,11/16/2024,27451.40124,11/16/2024,1643.808868,11/16/2024,5897.14,11/16/2024,1181.883676
11/17/2024,6494295.223,11/17/2024,27615.51093,11/17/2024,1554.76033,11/17/2024,5945.513387,11/17/2024,1184.837902
11/18/2024,6497974.259,11/18/2024,28295.03849,11/18/2024,1576.052281,11/18/2024,5830.290103,11/18/2024,1193.52352
11/19/2024,6504855.731,11/19/2024,28322.88474,11/19/2024,1582.889671,11/19/2024,5826.525917,11/19/2024,1195.329005
11/20/2024,6525059.762,11/20/2024,28423.54372,11/20/2024,1596.962749,11/20/2024,5826.419582,11/20/2024,1198.865749
11/21/2024,6561529.502,11/21/2024,28359.17473,11/21/2024,1586.224382,11/21/2024,5821.329961,11/21/2024,1198.930834
11/22/2024,6567844.437,11/22/2024,28286.4662,11/22/2024,1585.596736,11/22/2024,5821.176983,11/22/2024,1201.009006
11/23/2024,6550127.43,11/23/2024,27780.70386,11/23/2024,1671.577977,11/23/2024,5889.598889,11/23/2024,1193.963115
11/24/2024,6536587.573,11/24/2024,27743.74943,11/24/2024,1581.432305,11/24/2024,5936.467105,11/24/2024,1197.634526
11/25/2024,6558331.317,11/25/2024,28475.74612,11/25/2024,1600.139175,11/25/2024,5819.825032,11/25/2024,1209.621091
11/26/2024,6574258.868,11/26/2024,28510.5169,11/26/2024,1606.308674,11/26/2024,5814.762828,11/26/2024,1210.809235
11/27/2024,6577273.489,11/27/2024,28516.52672,11/27/2024,1610.140729,11/27/2024,5813.5143,11/27/2024,1214.36066
11/28/2024,6603882.947,11/28/2024,28451.89683,11/28/2024,1607.781387,11/28/2024,5807.473068,11/28/2024,1213.38233
11/29/2024,6623861.51,11/29/2024,28554.23797,11/29/2024,1606.541114,11/29/2024,5806.59254,11/29/2024,1215.1176
11/30/2024,6584683.052,11/30/2024,27865.83454,11/30/2024,1689.690076,11/30/2024,5874.542181,11/30/2024,1210.131519
12/1/2024,6593177.705,12/1/2024,27904.66554,12/1/2024,1591.430436,12/1/2024,5921.221434,12/1/2024,1213.737524
12/2/2024,6613350.256,12/2/2024,28518.6711,12/2/2024,1615.190034,12/2/2024,5804.697644,12/2/2024,1221.141948
12/3/2024,6629475.927,12/3/2024,28535.26253,12/3/2024,1611.66779,12/3/2024,5800.08004,12/3/2024,1222.207739
12/4/2024,6639488.683,12/4/2024,28583.63174,12/4/2024,1620.10958,12/4/2024,5799.615951,12/4/2024,1225.292384
12/5/2024,6671492.959,12/5/2024,28583.45832,12/5/2024,1615.908615,12/5/2024,5794.706424,12/5/2024,1226.592482
12/6/2024,6648577.266,12/6/2024,28618.26248,12/6/2024,1609.264768,12/6/2024,5795.305804,12/6/2024,1224.984279
12/7/2024,6635415.286,12/7/2024,27867.41203,12/7/2024,1682.71074,12/7/2024,5865.077756,12/7/2024,1219.88726
12/8/2024,6649048.199,12/8/2024,27912.3646,12/8/2024,1592.488991,12/8/2024,5913.909127,12/8/2024,1219.075203
12/9/2024,6683476.691,12/9/2024,28539.33795,12/9/2024,1610.037883,12/9/2024,5799.847967,12/9/2024,1229.054004
12/10/2024,6696179.788,12/10/2024,28523.47436,12/10/2024,1612.493629,12/10/2024,5797.977778,12/10/2024,1229.371855
12/11/2024,6689874.406,12/11/2024,28573.96694,12/11/2024,1609.417361,12/11/2024,5800.514166,12/11/2024,1230.621478
12/12/2024,6723636.39,12/12/2024,28549.55253,12/12/2024,1609.103062,12/12/2024,5798.82104,12/12/2024,1229.16265
12/13/2024,6700279.524,12/13/2024,28604.51038,12/13/2024,1598.78114,12/13/2024,5802.810907,12/13/2024,1229.135799
12/14/2024,6734776.055,12/14/2024,27867.33042,12/14/2024,1672.334297,12/14/2024,5876.101733,12/14/2024,1222.801772
12/15/2024,6723832.53,12/15/2024,27842.09385,12/15/2024,1576.185648,12/15/2024,5928.531726,12/15/2024,1224.453278
12/16/2024,6733481.882,12/16/2024,28430.72879,12/16/2024,1596.83833,12/16/2024,5818.098355,12/16/2024,1231.480438
12/17/2024,6753733.94,12/17/2024,28437.1843,12/17/2024,1596.369286,12/17/2024,5819.833645,12/17/2024,1231.499912
12/18/2024,6778561.857,12/18/2024,28561.05171,12/18/2024,1599.461374,12/18/2024,5825.901876,12/18/2024,1232.062622
12/19/2024,6770060.65,12/19/2024,28456.53347,12/19/2024,1594.794363,12/19/2024,5827.616836,12/19/2024,1231.085709
12/20/2024,6775526.873,12/20/2024,28471.22489,12/20/2024,1591.454059,12/20/2024,5834.843115,12/20/2024,1231.115814
12/21/2024,6759653.852,12/21/2024,27892.48604,12/21/2024,1667.236729,12/21/2024,5911.153916,12/21/2024,1224.359048
12/22/2024,6785225.642,12/22/2024,27911.54538,12/22/2024,1571.58767,12/22/2024,5966.346696,12/22/2024,1225.092257
12/23/2024,6798518.079,12/23/2024,28570.93562,12/23/2024,1593.152839,12/23/2024,5858.382937,12/23/2024,1233.364034
12/24/2024,6805145.509,12/24/2024,28605.81936,12/24/2024,1602.836909,12/24/2024,5862.264072,12/24/2024,1236.88457
12/25/2024,6801237.611,12/25/2024,28627.39451,12/25/2024,1602.140865,12/25/2024,5870.129682,12/25/2024,1238.34498
12/26/2024,6791167.908,12/26/2024,28650.78905,12/26/2024,1601.082223,12/26/2024,5873.275089,12/26/2024,1237.377987
12/27/2024,6839316.922,12/27/2024,28673.83054,12/27/2024,1599.296349,12/27/2024,5881.552863,12/27/2024,1238.499531
12/28/2024,6778527.798,12/28/2024,28120.89499,12/28/2024,1669.450952,12/28/2024,5958.530669,12/28/2024,1230.38181
12/29/2024,6835871.454,12/29/2024,28101.11064,12/29/2024,1574.445465,12/29/2024,6014.006821,12/29/2024,1232.810895
12/30/2024,6858608.124,12/30/2024,28829.06713,12/30/2024,1602.013055,12/30/2024,5905.949808,12/30/2024,1242.817159
12/31/2024,6846007.524,12/31/2024,28803.04986,12/31/2024,1608.746316,12/31/2024,5909.373856,12/31/2024,1245.178692
1/1/2025,6880986.975,1/1/2025,28900.91048,1/1/2025,1604.958624,1/1/2025,5916.436649,1/1/2025,1248.684057
1/2/2025,6882392.58,1/2/2025,28967.08933,1/2/2025,1603.85059,1/2/2025,5918.456343,1/2/2025,1249.663455
1/3/2025,6884909.619,1/3/2025,28896.57715,1/3/2025,1601.622708,1/3/2025,5925.312414,1/3/2025,1250.249896
1/4/2025,6905288.123,1/4/2025,28195.70626,1/4/2025,1679.359463,1/4/2025,6000.602808,1/4/2025,1239.699043
1/5/2025,6904107.221,1/5/2025,28416.76599,1/5/2025,1589.228588,1/5/2025,6054.158736,1/5/2025,1244.586094
1/6/2025,6893473.139,1/6/2025,29039.89405,1/6/2025,1605.069406,1/6/2025,5943.983452,1/6/2025,1252.264023
1/7/2025,6921068.039,1/7/2025,29080.14831,1/7/2025,1599.690767,1/7/2025,5945.127059,1/7/2025,1256.052937
1/8/2025,6942085.395,1/8/2025,29054.86367,1/8/2025,1605.345069,1/8/2025,5949.783509,1/8/2025,1257.538237
1/9/2025,6944919.804,1/9/2025,29227.92592,1/9/2025,1601.56894,1/9/2025,5949.30694,1/9/2025,1255.928987
1/10/2025,6934797.905,1/10/2025,29155.308,1/10/2025,1597.820965,1/10/2025,5953.611912,1/10/2025,1259.648238
1/11/2025,6960570.557,1/11/2025,28491.71172,1/11/2025,1678.939792,1/11/2025,6026.330012,1/11/2025,1252.461615
1/12/2025,6941806.773,1/12/2025,28481.05269,1/12/2025,1594.773616,1/12/2025,6077.324199,1/12/2025,1256.295534
1/13/2025,6953415.841,1/13/2025,29113.65715,1/13/2025,1599.262056,1/13/2025,5964.627212,1/13/2025,1263.693257
1/14/2025,6988423.342,1/14/2025,28993.55888,1/14/2025,1607.774617,1/14/2025,5963.316112,1/14/2025,1262.572981
1/15/2025,6997220.532,1/15/2025,29226.11983,1/15/2025,1605.175622,1/15/2025,5965.6091,1/15/2025,1264.70252
1/16/2025,7008580.09,1/16/2025,29207.66803,1/16/2025,1605.810249,1/16/2025,5962.881778,1/16/2025,1267.620825
1/17/2025,6986202.845,1/17/2025,29210.66807,1/17/2025,1591.679492,1/17/2025,5965.067373,1/17/2025,1266.364414
1/18/2025,6968458.902,1/18/2025,28411.05087,1/18/2025,1673.801985,1/18/2025,6035.813425,1/18/2025,1260.222748
1/19/2025,6983208.132,1/19/2025,28545.67597,1/19/2025,1578.794591,1/19/2025,6084.99626,1/19/2025,1260.311901
1/20/2025,7016055.993,1/20/2025,29092.12487,1/20/2025,1600.917435,1/20/2025,5970.659591,1/20/2025,1269.496139
1/21/2025,7036749.86,1/21/2025,29114.6777,1/21/2025,1599.790473,1/21/2025,5967.889277,1/21/2025,1269.719592
1/22/2025,7038153.451,1/22/2025,29131.66168,1/22/2025,1601.818911,1/22/2025,5968.910383,1/22/2025,1269.219479
1/23/2025,7040892.159,1/23/2025,29040.77798,1/23/2025,1605.786872,1/23/2025,5965.10368,1/23/2025,1272.173292
1/24/2025,7056024.349,1/24/2025,29009.49294,1/24/2025,1600.364476,1/24/2025,5966.406115,1/24/2025,1270.669329
1/25/2025,7037522.525,1/25/2025,28403.31811,1/25/2025,1674.821495,1/25/2025,6036.467694,1/25/2025,1264.31983
1/26/2025,7082757.368,1/26/2025,28478.17119,1/26/2025,1584.069282,1/26/2025,6085.166144,1/26/2025,1264.520837
1/27/2025,7075381.819,1/27/2025,29103.4605,1/27/2025,1603.138243,1/27/2025,5970.545635,1/27/2025,1273.564786
1/28/2025,7082911.259,1/28/2025,29025.8007,1/28/2025,1612.598714,1/28/2025,5967.691615,1/28/2025,1275.351318
1/29/2025,7077371.083,1/29/2025,29099.64312,1/29/2025,1617.38444,1/29/2025,5968.827894,1/29/2025,1277.691983
1/30/2025,7095782.248,1/30/2025,29037.8934,1/30/2025,1615.304929,1/30/2025,5965.333107,1/30/2025,1276.673979
1/31/2025,7123179.592,1/31/2025,29131.56414,1/31/2025,1617.161746,1/31/2025,5967.14108,1/31/2025,1277.980941
2/1/2025,7116195.869,2/1/2025,28465.04816,2/1/2025,1694.515303,2/1/2025,6037.897583,2/1/2025,1268.632899
2/2/2025,7138444.31,2/2/2025,28432.91388,2/2/2025,1609.69807,2/2/2025,6087.474791,2/2/2025,1269.760386
2/3/2025,7146289.51,2/3/2025,29074.07626,2/3/2025,1627.643592,2/3/2025,5973.909786,2/3/2025,1280.221525
2/4/2025,7155247.41,2/4/2025,29180.17536,2/4/2025,1635.539978,2/4/2025,5972.27916,2/4/2025,1282.448925
2/5/2025,7141123.99,2/5/2025,29128.47126,2/5/2025,1637.321361,2/5/2025,5974.79584,2/5/2025,1284.8286
2/6/2025,7151244.125,2/6/2025,29201.88174,2/6/2025,1634.563774,2/6/2025,5972.825318,2/6/2025,1283.80347
2/7/2025,7172290.112,2/7/2025,29134.47432,2/7/2025,1641.162597,2/7/2025,5976.285812,2/7/2025,1283.101824
2/8/2025,7145207.252,2/8/2025,28556.63416,2/8/2025,1717.571581,2/8/2025,6048.804839,2/8/2025,1275.540081
2/9/2025,7153002.897,2/9/2025,28585.93935,2/9/2025,1629.33502,2/9/2025,6100.233578,2/9/2025,1281.527158
2/10/2025,7153585.86,2/10/2025,29312.35062,2/10/2025,1644.849215,2/10/2025,5988.585329,2/10/2025,1286.408522
2/11/2025,7195397.078,2/11/2025,29274.35391,2/11/2025,1651.539017,2/11/2025,5988.910162,2/11/2025,1288.546551
2/12/2025,7213494.669,2/12/2025,29304.94373,2/12/2025,1654.757062,2/12/2025,5993.391893,2/12/2025,1288.884118
2/13/2025,7237334.374,2/13/2025,29404.69811,2/13/2025,1652.399371,2/13/2025,5993.364554,2/13/2025,1291.571393
2/14/2025,7235552.386,2/14/2025,29336.49885,2/14/2025,1649.228891,2/14/2025,5998.712907,2/14/2025,1288.838345
2/15/2025,7228889.24,2/15/2025,28613.13833,2/15/2025,1724.476186,2/15/2025,6073.029475,2/15/2025,1283.551784
2/16/2025,7212065.515,2/16/2025,28659.76748,2/16/2025,1625.872828,2/16/2025,6126.129462,2/16/2025,1285.560517
2/17/2025,7245956.459,2/17/2025,29200.47984,2/17/2025,1650.021026,2/17/2025,6015.989868,2/17/2025,1294.713096
2/18/2025,7250844.137,2/18/2025,29357.10936,2/18/2025,1648.78982,2/18/2025,6017.624871,2/18/2025,1296.050978
2/19/2025,7272683.885,2/19/2025,29282.29142,2/19/2025,1649.845563,2/19/2025,6023.1836,2/19/2025,1293.951922
2/20/2025,7301810.538,2/20/2025,29363.63962,2/20/2025,1638.335583,2/20/2025,6023.967461,2/20/2025,1293.136385
2/21/2025,7295563.071,2/21/2025,29294.27858,2/21/2025,1626.489048,2/21/2025,6029.831521,2/21/2025,1295.37733
2/22/2025,7284403.849,2/22/2025,28774.92095,2/22/2025,1696.497476,2/22/2025,6104.342418,2/22/2025,1286.888844
2/23/2025,7289153.219,2/23/2025,28603.95812,2/23/2025,1605.645051,2/23/2025,6157.294132,2/23/2025,1289.145714
2/24/2025,7326186.535,2/24/2025,29220.4732,2/24/2025,1619.186403,2/24/2025,6046.647905,2/24/2025,1293.13033
2/25/2025,7341217.338,2/25/2025,29168.03197,2/25/2025,1614.712407,2/25/2025,6047.408352,2/25/2025,1295.095018
2/26/2025,7367917.362,2/26/2025,29301.99967,2/26/2025,1613.46215,2/26/2025,6051.721856,2/26/2025,1295.344447
2/27/2025,7352728.013,2/27/2025,29128.07045,2/27/2025,1607.450245,2/27/2025,6050.894395,2/27/2025,1294.956164
2/28/2025,7348745.313,2/28/2025,29189.24017,2/28/2025,1591.460879,2/28/2025,6054.793278,2/28/2025,1293.666487
3/1/2025,7313058.135,3/1/2025,28394.82157,3/1/2025,1670.167034,3/1/2025,6127.005234,3/1/2025,1288.018959
3/2/2025,7330892.005,3/2/2025,28500.49637,3/2/2025,1573.907699,3/2/2025,6177.352195,3/2/2025,1287.5723
3/3/2025,7351294.514,3/3/2025,29029.1875,3/3/2025,1588.775818,3/3/2025,6063.831019,3/3/2025,1295.187795
3/4/2025,7354384.665,3/4/2025,29024.19708,3/4/2025,1585.912426,3/4/2025,6061.489221,3/4/2025,1295.56125
3/5/2025,7366951.712,3/5/2025,29089.71945,3/5/2025,1578.797596,3/5/2025,6062.522784,3/5/2025,1295.505245
3/6/2025,7406329.236,3/6/2025,29119.9238,3/6/2025,1571.245172,3/6/2025,6058.293215,3/6/2025,1293.958276
3/7/2025,7399107.644,3/7/2025,29008.45066,3/7/2025,1567.44483,3/7/2025,6058.728322,3/7/2025,1293.108758
3/8/2025,7402555.716,3/8/2025,28407.86012,3/8/2025,1638.453985,3/8/2025,6127.479191,3/8/2025,1287.881079
3/9/2025,7407336.755,3/9/2025,28507.71414,3/9/2025,1556.997114,3/9/2025,6174.434704,3/9/2025,1285.251849
3/10/2025,7432303.552,3/10/2025,29012.48719,3/10/2025,1564.461354,3/10/2025,6057.659897,3/10/2025,1297.1392
3/11/2025,7435674.714,3/11/2025,29179.20326,3/11/2025,1569.190237,3/11/2025,6052.270213,3/11/2025,1296.595029
3/12/2025,7461357.228,3/12/2025,29201.90265,3/12/2025,1568.261221,3/12/2025,6050.52782,3/12/2025,1295.653323
3/13/2025,7444894.376,3/13/2025,29132.6321,3/13/2025,1565.048072,3/13/2025,6043.857122,3/13/2025,1298.195976
3/14/2025,7475977.371,3/14/2025,29093.46695,3/14/2025,1562.050918,3/14/2025,6042.244045,3/14/2025,1301.1315
3/15/2025,7432412.274,3/15/2025,28507.76807,3/15/2025,1644.869342,3/15/2025,6109.391566,3/15/2025,1291.618345
3/16/2025,7489879.205,3/16/2025,28658.23141,3/16/2025,1554.498212,3/16/2025,6155.23289,3/16/2025,1294.397706
3/17/2025,7460607.057,3/17/2025,29096.20386,3/17/2025,1567.673218,3/17/2025,6037.868596,3/17/2025,1301.990196
3/18/2025,7475254.758,3/18/2025,29324.21793,3/18/2025,1568.63026,3/18/2025,6032.439868,3/18/2025,1305.14052
3/19/2025,7480326.167,3/19/2025,29376.44951,3/19/2025,1580.017109,3/19/2025,6031.223965,3/19/2025,1309.710089
3/20/2025,7503612.93,3/20/2025,29480.98833,3/20/2025,1579.518358,3/20/2025,6025.649138,3/20/2025,1309.111776
3/21/2025,7489707.32,3/21/2025,29354.78598,3/21/2025,1564.232631,3/21/2025,6025.693548,3/21/2025,1309.812793
3/22/2025,7515111.933,3/22/2025,28939.9924,3/22/2025,1653.345384,3/22/2025,6095.040711,3/22/2025,1301.074654
3/23/2025,7492404.927,3/23/2025,28778.23743,3/23/2025,1566.579369,3/23/2025,6143.592843,3/23/2025,1303.904639
3/24/2025,7523349.665,3/24/2025,29569.82368,3/24/2025,1585.555336,3/24/2025,6029.408465,3/24/2025,1315.216285
3/25/2025,7538543.011,3/25/2025,29631.84467,3/25/2025,1592.503327,3/25/2025,6027.576344,3/25/2025,1316.814185
3/26/2025,7550549.688,3/26/2025,29695.75475,3/26/2025,1592.950442,3/26/2025,6030.311943,3/26/2025,1320.934112
3/27/2025,7561048.421,3/27/2025,29641.96861,3/27/2025,1596.333223,3/27/2025,6028.973542,3/27/2025,1320.442528
3/28/2025,7560488.115,3/28/2025,29738.48849,3/28/2025,1589.731091,3/28/2025,6033.462577,3/28/2025,1320.147914
3/29/2025,7579718.156,3/29/2025,28943.9033,3/29/2025,1672.805691,3/29/2025,6107.380679,3/29/2025,1314.290424
3/30/2025,7559050.863,3/30/2025,29085.1986,3/30/2025,1577.202529,3/30/2025,6160.544758,3/30/2025,1316.774241
3/31/2025,7552383.326,3/31/2025,29657.39095,3/31/2025,1599.580216,3/31/2025,6050.926444,3/31/2025,1324.884971
4/1/2025,7573214.273,4/1/2025,29916.69046,4/1/2025,1608.366596,4/1/2025,6053.527925,4/1/2025,1329.638392
4/2/2025,7585197.621,4/2/2025,29888.6967,4/2/2025,1611.785471,4/2/2025,6060.480295,4/2/2025,1327.20749
4/3/2025,7626191.827,4/3/2025,29894.18193,4/3/2025,1607.379951,4/3/2025,6063.061547,4/3/2025,1328.727239
4/4/2025,7640766.494,4/4/2025,29961.64098,4/4/2025,1603.159739,4/4/2025,6071.098691,4/4/2025,1327.040145
4/5/2025,7631042.745,4/5/2025,29339.55691,4/5/2025,1677.789437,4/5/2025,6148.126452,4/5/2025,1322.721556
4/6/2025,7657322.595,4/6/2025,29284.91475,4/6/2025,1585.975298,4/6/2025,6203.903833,4/6/2025,1323.262965
4/7/2025,7650549.305,4/7/2025,29878.85694,4/7/2025,1610.631021,4/7/2025,6096.354837,4/7/2025,1330.749555
4/8/2025,7638258.057,4/8/2025,29956.07517,4/8/2025,1599.179917,4/8/2025,6100.445337,4/8/2025,1335.992835
4/9/2025,7655529.488,4/9/2025,30020.33391,4/9/2025,1608.349069,4/9/2025,6108.282192,4/9/2025,1335.487102
4/10/2025,7668984.485,4/10/2025,29987.00977,4/10/2025,1602.07625,4/10/2025,6111.131722,4/10/2025,1335.563609
4/11/2025,7699547.188,4/11/2025,29991.57442,4/11/2025,1603.719772,4/11/2025,6118.822003,4/11/2025,1337.435553
4/12/2025,7686359.481,4/12/2025,29300.18822,4/12/2025,1680.395801,4/12/2025,6194.901435,4/12/2025,1329.213851
4/13/2025,7712621.757,4/13/2025,29393.94989,4/13/2025,1587.609846,4/13/2025,6249.154885,4/13/2025,1330.978443
4/14/2025,7688096.672,4/14/2025,29977.48604,4/14/2025,1597.873167,4/14/2025,6139.54368,4/14/2025,1337.112396
4/15/2025,7700687.92,4/15/2025,30241.99092,4/15/2025,1600.984322,4/15/2025,6141.081489,4/15/2025,1343.639404
4/16/2025,7723449.967,4/16/2025,30176.88933,4/16/2025,1604.183864,4/16/2025,6145.932197,4/16/2025,1343.01643
4/17/2025,7741902.252,4/17/2025,30173.17254,4/17/2025,1605.605095,4/17/2025,6145.426924,4/17/2025,1340.803834
4/18/2025,7733183.391,4/18/2025,30118.18944,4/18/2025,1601.187638,4/18/2025,6149.464691,4/18/2025,1341.321929
4/19/2025,7732212.776,4/19/2025,29574.07837,4/19/2025,1666.177072,4/19/2025,6221.669219,4/19/2025,1334.98051
4/20/2025,7745756.377,4/20/2025,29547.57875,4/20/2025,1575.022631,4/20/2025,6271.903218,4/20/2025,1333.6712
4/21/2025,7739128.077,4/21/2025,30100.93188,4/21/2025,1592.828456,4/21/2025,6158.206489,4/21/2025,1341.880268
4/22/2025,7771016.865,4/22/2025,30393.69898,4/22/2025,1589.571037,4/22/2025,6155.669919,4/22/2025,1343.854707
4/23/2025,7772091.207,4/23/2025,30300.69758,4/23/2025,1592.418619,4/23/2025,6156.531536,4/23/2025,1342.735212
4/24/2025,7806233.528,4/24/2025,30306.94579,4/24/2025,1585.603904,4/24/2025,6152.191802,4/24/2025,1344.753679
4/25/2025,7792295.985,4/25/2025,30284.57599,4/25/2025,1578.599076,4/25/2025,6152.612717,4/25/2025,1345.281927
4/26/2025,7785826.131,4/26/2025,29582.55859,4/26/2025,1660.187726,4/26/2025,6221.473244,4/26/2025,1340.059243
4/27/2025,7825307.08,4/27/2025,29684.05121,4/27/2025,1559.789014,4/27/2025,6268.682444,4/27/2025,1339.506487
4/28/2025,7815721.51,4/28/2025,30273.06014,4/28/2025,1566.617379,4/28/2025,6152.316687,4/28/2025,1345.123982
4/29/2025,7805740.199,4/29/2025,30294.20667,4/29/2025,1573.990962,4/29/2025,6147.493022,4/29/2025,1346.217819
4/30/2025,7834096.993,4/30/2025,30350.36618,4/30/2025,1577.374599,4/30/2025,6146.464913,4/30/2025,1347.877834
5/1/2025,7860947.282,5/1/2025,30383.72616,5/1/2025,1567.007926,5/1/2025,6140.637493,5/1/2025,1348.907689
5/2/2025,7873205.925,5/2/2025,30411.68291,5/2/2025,1570.56064,5/2/2025,6139.966933,5/2/2025,1348.591517
5/3/2025,7844505.894,5/3/2025,29753.37475,5/3/2025,1641.449089,5/3/2025,6208.116409,5/3/2025,1338.4515
5/4/2025,7867574.279,5/4/2025,29756.51092,5/4/2025,1543.394449,5/4/2025,6254.970051,5/4/2025,1340.803645
5/5/2025,7895482.378,5/5/2025,30427.89422,5/5/2025,1563.810527,5/5/2025,6138.571201,5/5/2025,1347.733874
5/6/2025,7882518.941,5/6/2025,30534.20439,5/6/2025,1560.024615,5/6/2025,6133.997045,5/6/2025,1348.95334
5/7/2025,7929873.319,5/7/2025,30534.85662,5/7/2025,1561.40425,5/7/2025,6133.455768,5/7/2025,1351.069244
5/8/2025,7906448.917,5/8/2025,30547.59497,5/8/2025,1559.629348,5/8/2025,6128.30337,5/8/2025,1349.322183
5/9/2025,7932272.449,5/9/2025,30532.37782,5/9/2025,1559.777486,5/9/2025,6128.444668,5/9/2025,1352.976493
5/10/2025,7923369.547,5/10/2025,29800.18229,5/10/2025,1627.768854,5/10/2025,6197.49093,5/10/2025,1345.74525
5/11/2025,7922771.406,5/11/2025,29815.47106,5/11/2025,1539.853534,5/11/2025,6245.275481,5/11/2025,1345.269104
5/12/2025,7922055.092,5/12/2025,30482.21587,5/12/2025,1560.438038,5/12/2025,6129.793551,5/12/2025,1352.400993
5/13/2025,7954340.572,5/13/2025,30563.41224,5/13/2025,1559.685492,5/13/2025,6126.078386,5/13/2025,1356.854621
5/14/2025,7953290.743,5/14/2025,30549.38679,5/14/2025,1565.225098,5/14/2025,6126.299736,5/14/2025,1360.08574
5/15/2025,7969549.126,5/15/2025,30736.11664,5/15/2025,1561.919468,5/15/2025,6121.781808,5/15/2025,1355.260545
5/16/2025,7989870.692,5/16/2025,30704.98678,5/16/2025,1560.411438,5/16/2025,6122.405185,5/16/2025,1357.015131
5/17/2025,7959989.287,5/17/2025,30042.4423,5/17/2025,1634.519543,5/17/2025,6191.765131,5/17/2025,1351.149346
5/18/2025,7972796.863,5/18/2025,30114.75191,5/18/2025,1542.083385,5/18/2025,6239.687593,5/18/2025,1355.694609
5/19/2025,7991467.715,5/19/2025,30761.21725,5/19/2025,1565.217759,5/19/2025,6124.169175,5/19/2025,1361.818369
5/20/2025,7977322.7,5/20/2025,30741.85574,5/20/2025,1568.533414,5/20/2025,6120.253091,5/20/2025,1363.393413
5/21/2025,8011485.027,5/21/2025,30971.76175,5/21/2025,1577.582918,5/21/2025,6120.12722,5/21/2025,1366.99132
5/22/2025,8026888.431,5/22/2025,30927.07177,5/22/2025,1570.73175,5/22/2025,6115.141363,5/22/2025,1373.501965
5/23/2025,8027097.292,5/23/2025,30875.92897,5/23/2025,1567.202017,5/23/2025,6115.208226,5/23/2025,1373.301237
5/24/2025,8033392.435,5/24/2025,30309.60306,5/24/2025,1647.145554,5/24/2025,6183.960584,5/24/2025,1366.027163
5/25/2025,8028219.348,5/25/2025,30486.82296,5/25/2025,1554.335183,5/25/2025,6231.265955,5/25/2025,1366.864197
5/26/2025,8082963.158,5/26/2025,31037.01884,5/26/2025,1577.248694,5/26/2025,6115.165114,5/26/2025,1374.769278
5/27/2025,8066469.882,5/27/2025,31135.96344,5/27/2025,1581.592299,5/27/2025,6110.746495,5/27/2025,1382.665744
5/28/2025,8078577.685,5/28/2025,31277.6228,5/28/2025,1582.260033,5/28/2025,6110.242646,5/28/2025,1384.357521
5/29/2025,8047593.384,5/29/2025,31221.98382,5/29/2025,1575.502041,5/29/2025,6105.045891,5/29/2025,1383.75553
5/30/2025,8167472.112,5/30/2025,31311.1622,5/30/2025,1573.022067,5/30/2025,6105.107773,5/30/2025,1384.219397
5/31/2025,8167693.806,5/31/2025,30724.03694,5/31/2025,1654.961481,5/31/2025,6174.094765,5/31/2025,1383.065633
6/1/2025,8183632.89,6/1/2025,30711.30466,6/1/2025,1570.671978,6/1/2025,6221.901647,6/1/2025,1380.515328
6/2/2025,8212225.42,6/2/2025,31524.14585,6/2/2025,1580.530345,6/2/2025,6106.588906,6/2/2025,1394.513435
6/3/2025,8212368.086,6/3/2025,31440.27313,6/3/2025,1590.649082,6/3/2025,6103.256238,6/3/2025,1393.891379
6/4/2025,8229820.412,6/4/2025,31802.38553,6/4/2025,1597.187308,6/4/2025,6104.138354,6/4/2025,1394.004621
6/5/2025,8233373.97,6/5/2025,31588.14757,6/5/2025,1590.006364,6/5/2025,6100.620266,6/5/2025,1395.524627
6/6/2025,8256313.358,6/6/2025,31684.31364,6/6/2025,1579.701895,6/6/2025,6102.636642,6/6/2025,1394.598195
6/7/2025,8258398.833,6/7/2025,30806.40284,6/7/2025,1662.083749,6/7/2025,6173.827714,6/7/2025,1393.725919
6/8/2025,8262912.781,6/8/2025,31091.24462,6/8/2025,1567.009036,6/8/2025,6224.053148,6/8/2025,1397.637934
6/9/2025,8258846.85,6/9/2025,31703.63524,6/9/2025,1587.057455,6/9/2025,6111.33021,6/9/2025,1401.682312
6/10/2025,8284019.578,6/10/2025,31724.41137,6/10/2025,1582.446309,6/10/2025,6110.7083,6/10/2025,1402.317518
6/11/2025,8275905.057,6/11/2025,31782.6516,6/11/2025,1593.107718,6/11/2025,6114.366014,6/11/2025,1404.78023
6/12/2025,8299100.203,6/12/2025,31856.2093,6/12/2025,1585.900143,6/12/2025,6113.627897,6/12/2025,1407.732671
6/13/2025,8323290.136,6/13/2025,31804.84359,6/13/2025,1592.635294,6/13/2025,6118.365408,6/13/2025,1404.443259
6/14/2025,8302166.051,6/14/2025,31128.55793,6/14/2025,1663.659803,6/14/2025,6192.15457,6/14/2025,1395.741641
6/15/2025,8315774.31,6/15/2025,31059.73342,6/15/2025,1568.277839,6/15/2025,6244.791638,6/15/2025,1400.567917
6/16/2025,8313660.775,6/16/2025,31890.56647,6/16/2025,1589.824861,6/16/2025,6134.233077,6/16/2025,1406.673274
6/17/2025,8309751.315,6/17/2025,31866.61741,6/17/2025,1591.008638,6/17/2025,6135.471879,6/17/2025,1408.5749
6/18/2025,8355717.567,6/18/2025,31886.23439,6/18/2025,1610.606205,6/18/2025,6140.636315,6/18/2025,1411.438785
6/19/2025,8386716.664,6/19/2025,31844.48356,6/19/2025,1592.609895,6/19/2025,6141.008241,6/19/2025,1408.600311
6/20/2025,8351487.725,6/20/2025,31886.06337,6/20/2025,1597.617018,6/20/2025,6146.425436,6/20/2025,1410.37096
6/21/2025,8389928.574,6/21/2025,31276.6462,6/21/2025,1666.771228,6/21/2025,6220.4404,6/21/2025,1403.437141
6/22/2025,8386383.579,6/22/2025,31202.36378,6/22/2025,1581.696722,6/22/2025,6272.83691,6/22/2025,1403.756626
6/23/2025,8398036.179,6/23/2025,31985.0748,6/23/2025,1597.804288,6/23/2025,6161.570599,6/23/2025,1413.784472
6/24/2025,8378143.182,6/24/2025,31984.4122,6/24/2025,1613.086036,6/24/2025,6161.645568,6/24/2025,1414.824435
6/25/2025,8439762.259,6/25/2025,31967.19144,6/25/2025,1612.450589,6/25/2025,6165.213107,6/25/2025,1415.825092
6/26/2025,8439799.085,6/26/2025,32072.10094,6/26/2025,1600.526542,6/26/2025,6163.589659,6/26/2025,1413.245992
6/27/2025,8450296.164,6/27/2025,31964.50851,6/27/2025,1616.015238,6/27/2025,6166.658481,6/27/2025,1418.077219
6/28/2025,8447159.31,6/28/2025,31497.20237,6/28/2025,1684.654293,6/28/2025,6238.027476,6/28/2025,1410.034794
6/29/2025,8456619.982,6/29/2025,31402.88869,6/29/2025,1608.595265,6/29/2025,6287.544493,6/29/2025,1413.03038
6/30/2025,8474891.126,6/30/2025,32171.15681,6/30/2025,1624.599956,6/30/2025,6173.23641,6/30/2025,1420.479986
7/1/2025,8460284.561,7/1/2025,32200.68094,7/1/2025,1625.194862,7/1/2025,6170.184024,7/1/2025,1423.870394
7/2/2025,8496073.776,7/2/2025,32283.83587,7/2/2025,1625.7237,7/2/2025,6170.6189,7/2/2025,1427.774163
7/3/2025,8447433.922,7/3/2025,32214.99698,7/3/2025,1628.804728,7/3/2025,6165.939322,7/3/2025,1427.891913
7/4/2025,8497144.784,7/4/2025,32252.72383,7/4/2025,1631.036055,7/4/2025,6166.109897,7/4/2025,1426.769969
7/5/2025,8500534.328,7/5/2025,31589.70408,7/5/2025,1700.558149,7/5/2025,6234.817303,7/5/2025,1420.199132
7/6/2025,8504985.249,7/6/2025,31817.08463,7/6/2025,1621.879498,7/6/2025,6281.983553,7/6/2025,1422.201839
7/7/2025,8552367.97,7/7/2025,32471.0161,7/7/2025,1633.119753,7/7/2025,6165.703137,7/7/2025,1434.356695
7/8/2025,8532483.675,7/8/2025,32424.29861,7/8/2025,1636.72795,7/8/2025,6161.116128,7/8/2025,1435.179726
7/9/2025,8562585.184,7/9/2025,32519.22207,7/9/2025,1638.678278,7/9/2025,6160.503433,7/9/2025,1439.593241
7/10/2025,8564913.558,7/10/2025,32546.32387,7/10/2025,1644.172554,7/10/2025,6155.3014,7/10/2025,1444.326698
7/11/2025,8553987.921,7/11/2025,32595.26993,7/11/2025,1639.48687,7/11/2025,6155.500349,7/11/2025,1438.782021
7/12/2025,8555933.489,7/12/2025,32018.51757,7/12/2025,1704.45076,7/12/2025,6224.799552,7/12/2025,1437.228089
7/13/2025,8574002.951,7/13/2025,32086.83147,7/13/2025,1621.823467,7/13/2025,6273.120067,7/13/2025,1437.811941
7/14/2025,8580263.3,7/14/2025,32750.77791,7/14/2025,1644.416347,7/14/2025,6158.541785,7/14/2025,1449.263764
7/15/2025,8597090.866,7/15/2025,32873.40145,7/15/2025,1638.229912,7/15/2025,6156.176788,7/15/2025,1447.948419
7/16/2025,8617022.51,7/16/2025,33128.70463,7/16/2025,1649.178681,7/16/2025,6158.265198,7/16/2025,1452.567792
7/17/2025,8593201.083,7/17/2025,32935.04984,7/17/2025,1639.7561,7/17/2025,6156.190696,7/17/2025,1454.441413
7/18/2025,8633719.463,7/18/2025,32906.53762,7/18/2025,1632.273669,7/18/2025,6159.88028,7/18/2025,1455.437771
7/19/2025,8609930.407,7/19/2025,32395.87134,7/19/2025,1709.787942,7/19/2025,6232.960732,7/19/2025,1446.100981
7/20/2025,8632961.554,7/20/2025,32364.11309,7/20/2025,1614.727305,7/20/2025,6285.273183,7/20/2025,1451.366035
7/21/2025,8643299.676,7/21/2025,33005.50675,7/21/2025,1624.706244,7/21/2025,6174.81207,7/21/2025,1459.193445
7/22/2025,8660461.841,7/22/2025,33213.70358,7/22/2025,1633.365961,7/22/2025,6176.600545,7/22/2025,1462.624507
7/23/2025,8671543.883,7/23/2025,33170.52812,7/23/2025,1630.118126,7/23/2025,6182.788459,7/23/2025,1466.388757
7/24/2025,8698744.69,7/24/2025,33294.20443,7/24/2025,1631.24228,7/24/2025,6184.670057,7/24/2025,1462.384066
7/25/2025,8683313.518,7/25/2025,33346.85878,7/25/2025,1623.961428,7/25/2025,6192.085863,7/25/2025,1461.180158
7/26/2025,8668286.715,7/26/2025,32753.45849,7/26/2025,1696.364029,7/26/2025,6268.581223,7/26/2025,1456.755784
7/27/2025,8706319.871,7/27/2025,32664.92716,7/27/2025,1597.844464,7/27/2025,6323.922781,7/27/2025,1460.975309
7/28/2025,8720725.164,7/28/2025,33328.19551,7/28/2025,1622.86361,7/28/2025,6216.039189,7/28/2025,1466.048637
7/29/2025,8708413.53,7/29/2025,33443.64775,7/29/2025,1616.86017,7/29/2025,6219.898028,7/29/2025,1472.129026
7/30/2025,8729138.097,7/30/2025,33438.54602,7/30/2025,1620.513234,7/30/2025,6227.605049,7/30/2025,1471.489807
7/31/2025,8748857.617,7/31/2025,33617.73472,7/31/2025,1615.079394,7/31/2025,6230.422813,7/31/2025,1470.141396
8/1/2025,8801304.322,8/1/2025,33578.65864,8/1/2025,1609.97374,8/1/2025,6238.173226,8/1/2025,1471.853698
8/2/2025,8746081.701,8/2/2025,32988.1084,8/2/2025,1684.455199,8/2/2025,6314.396381,8/2/2025,1465.332984
8/3/2025,8751251.826,8/3/2025,33017.12094,8/3/2025,1604.884496,8/3/2025,6368.867007,8/3/2025,1467.985138
8/4/2025,8797347.046,8/4/2025,33724.77348,8/4/2025,1609.847859,8/4/2025,6259.534809,8/4/2025,1475.437842
8/5/2025,8803315.398,8/5/2025,33711.1923,8/5/2025,1609.876535,8/5/2025,6261.40071,8/5/2025,1478.363877
8/6/2025,8818321.524,8/6/2025,33972.8124,8/6/2025,1619.598543,8/6/2025,6266.615101,8/6/2025,1477.781506
8/7/2025,8781107.233,8/7/2025,33909.14191,8/7/2025,1613.557264,8/7/2025,6266.495233,8/7/2025,1478.546673
8/8/2025,8767321.791,8/8/2025,33836.47111,8/8/2025,1601.987777,8/8/2025,6270.926252,8/8/2025,1479.810388
8/9/2025,8816636.693,8/9/2025,33280.8249,8/9/2025,1678.537589,8/9/2025,6343.518363,8/9/2025,1474.744642
8/10/2025,8855291.496,8/10/2025,33402.3693,8/10/2025,1597.391874,8/10/2025,6394.121444,8/10/2025,1473.102961
8/11/2025,8857375.17,8/11/2025,33941.54923,8/11/2025,1622.252192,8/11/2025,6280.763464,8/11/2025,1482.888101
8/12/2025,8827282.853,8/12/2025,34153.9221,8/12/2025,1616.037147,8/12/2025,6278.524742,8/12/2025,1484.657185
8/13/2025,8866875.371,8/13/2025,34138.82669,8/13/2025,1623.378584,8/13/2025,6279.634241,8/13/2025,1485.537911
8/14/2025,8853206.397,8/14/2025,34220.40012,8/14/2025,1629.263128,8/14/2025,6275.485048,8/14/2025,1486.832937
8/15/2025,8888079.559,8/15/2025,34184.32164,8/15/2025,1614.678418,8/15/2025,6276.033617,8/15/2025,1486.717244
8/16/2025,8868393.9,8/16/2025,33643.57556,8/16/2025,1697.897653,8/16/2025,6344.955284,8/16/2025,1483.988156
8/17/2025,8902871.431,8/17/2025,33588.31224,8/17/2025,1612.64454,8/17/2025,6392.157444,8/17/2025,1480.628654
8/18/2025,8889111.222,8/18/2025,34237.54632,8/18/2025,1627.591812,8/18/2025,6275.716746,8/18/2025,1491.91945
8/19/2025,8877627.022,8/19/2025,34328.29049,8/19/2025,1634.717504,8/19/2025,6270.75241,8/19/2025,1495.710983
8/20/2025,8952569.103,8/20/2025,34566.45696,8/20/2025,1645.798562,8/20/2025,6269.521837,8/20/2025,1493.480284
8/21/2025,8944419.871,8/21/2025,34396.56725,8/21/2025,1644.340456,8/21/2025,6263.43572,8/21/2025,1494.446741
8/22/2025,8957337.287,8/22/2025,34476.59425,8/22/2025,1632.019571,8/22/2025,6262.45721,8/22/2025,1496.770793
8/23/2025,8913838.884,8/23/2025,33926.74154,8/23/2025,1706.729755,8/23/2025,6330.257646,8/23/2025,1490.264517
8/24/2025,8961501.11,8/24/2025,33856.63525,8/24/2025,1621.078509,8/24/2025,6376.730239,8/24/2025,1487.948068
8/25/2025,8983099.557,8/25/2025,34497.31791,8/25/2025,1643.457965,8/25/2025,6259.92804,8/25/2025,1498.901434
8/26/2025,8997348.003,8/26/2025,34624.34874,8/26/2025,1645.305586,8/26/2025,6254.938261,8/26/2025,1500.256041
8/27/2025,9004534.41,8/27/2025,34646.65863,8/27/2025,1646.876971,8/27/2025,6253.979108,8/27/2025,1504.635896
8/28/2025,9002656.38,8/28/2025,34623.33585,8/28/2025,1649.269028,8/28/2025,6248.416276,8/28/2025,1506.141391
8/29/2025,9005326.243,8/29/2025,34729.29303,8/29/2025,1646.879082,8/29/2025,6248.16363,8/29/2025,1503.624901
8/30/2025,9003736.424,8/30/2025,34008.68661,8/30/2025,1722.73797,8/30/2025,6316.840534,8/30/2025,1499.001106
8/31/2025,9032850.873,8/31/2025,34068.38905,8/31/2025,1635.798466,8/31/2025,6364.287168,8/31/2025,1499.375261
9/1/2025,9047388.178,9/1/2025,34824.2952,9/1/2025,1648.605878,9/1/2025,6248.50412,9/1/2025,1507.42215
9/2/2025,9047174.076,9/2/2025,34824.26598,9/2/2025,1658.866252,9/2/2025,6244.528274,9/2/2025,1509.287837
9/3/2025,9088020.425,9/3/2025,34819.09685,9/3/2025,1662.179621,9/3/2025,6244.531112,9/3/2025,1509.685284
9/4/2025,9038525.71,9/4/2025,34848.67581,9/4/2025,1649.179669,9/4/2025,6239.83654,9/4/2025,1509.493298
9/5/2025,9057494.644,9/5/2025,35060.4978,9/5/2025,1648.954749,9/5/2025,6240.322717,9/5/2025,1507.511895
9/6/2025,9083233.009,9/6/2025,34324.45594,9/6/2025,1724.762662,9/6/2025,6309.580341,9/6/2025,1505.193257
9/7/2025,9071730.922,9/7/2025,34353.51291,9/7/2025,1636.629835,9/7/2025,6357.42868,9/7/2025,1507.202351
9/8/2025,9101021.144,9/8/2025,34981.23955,9/8/2025,1654.885879,9/8/2025,6241.85564,9/8/2025,1510.813942
9/9/2025,9115904.198,9/9/2025,34901.34155,9/9/2025,1654.099801,9/9/2025,6237.893877,9/9/2025,1518.227718
9/10/2025,9108271.937,9/10/2025,35016.23476,9/10/2025,1651.847987,9/10/2025,6237.719063,9/10/2025,1518.02427
9/11/2025,9140446.224,9/11/2025,35193.08365,9/11/2025,1653.784092,9/11/2025,6232.667415,9/11/2025,1518.193319
9/12/2025,9139429.756,9/12/2025,35156.19973,9/12/2025,1635.232471,9/12/2025,6232.637008,9/12/2025,1517.734935
9/13/2025,9128108.433,9/13/2025,34451.25654,9/13/2025,1719.368229,9/13/2025,6301.245302,9/13/2025,1512.104023
9/14/2025,9119963.972,9/14/2025,34577.09182,9/14/2025,1625.754039,9/14/2025,6348.344241,9/14/2025,1513.571131
9/15/2025,9140505.362,9/15/2025,35142.7467,9/15/2025,1640.445027,9/15/2025,6231.959206,9/15/2025,1519.332246
9/16/2025,9122713.261,9/16/2025,35258.09932,9/16/2025,1640.433366,9/16/2025,6227.163891,9/16/2025,1521.693423
9/17/2025,9206858.078,9/17/2025,35248.67587,9/17/2025,1636.045657,9/17/2025,6226.177241,9/17/2025,1524.524718
9/18/2025,9183486.12,9/18/2025,35255.02014,9/18/2025,1631.824946,9/18/2025,6220.379599,9/18/2025,1521.670856
9/19/2025,9216870.085,9/19/2025,35377.45174,9/19/2025,1626.840262,9/19/2025,6219.712628,9/19/2025,1522.066376
9/20/2025,9208979.498,9/20/2025,34636.94804,9/20/2025,1701.765343,9/20/2025,6287.835473,9/20/2025,1514.97917
9/21/2025,9212038.158,9/21/2025,34544.4557,9/21/2025,1621.507389,9/21/2025,6334.638568,9/21/2025,1515.097459
9/22/2025,9239881.587,9/22/2025,35329.10998,9/22/2025,1614.761843,9/22/2025,6218.181405,9/22/2025,1522.52189
9/23/2025,9248653.194,9/23/2025,35311.87707,9/23/2025,1622.992358,9/23/2025,6213.566358,9/23/2025,1523.466868
9/24/2025,9267176.701,9/24/2025,35338.47252,9/24/2025,1622.528333,9/24/2025,6213.034742,9/24/2025,1524.329123
9/25/2025,9257705.858,9/25/2025,35353.76408,9/25/2025,1625.05917,9/25/2025,6207.982272,9/25/2025,1521.904439
9/26/2025,9231183.456,9/26/2025,35424.99891,9/26/2025,1615.169956,9/26/2025,6208.358503,9/26/2025,1524.90304
9/27/2025,9244490.891,9/27/2025,34597.06515,9/27/2025,1685.734706,9/27/2025,6277.822735,9/27/2025,1517.71784
9/28/2025,9254186.256,9/28/2025,34760.55802,9/28/2025,1604.551682,9/28/2025,6326.257782,9/28/2025,1518.119559
9/29/2025,9280296.637,9/29/2025,35391.80464,9/29/2025,1616.093333,9/29/2025,6211.707927,9/29/2025,1524.944672
9/30/2025,9295325.325,9/30/2025,35462.49923,9/30/2025,1610.15363,9/30/2025,6209.253153,9/30/2025,1527.354022
10/1/2025,9338470.107,10/1/2025,35449.54272,10/1/2025,1614.41706,10/1/2025,6211.105796,10/1/2025,1523.826169
10/2/2025,9323856.916,10/2/2025,35428.25639,10/2/2025,1617.387555,10/2/2025,6208.626791,10/2/2025,1528.115483
10/3/2025,9314869.608,10/3/2025,35423.64387,10/3/2025,1614.205155,10/3/2025,6211.726043,10/3/2025,1522.024237
10/4/2025,9331065.583,10/4/2025,34791.24534,10/4/2025,1697.277106,10/4/2025,6284.0194,10/4/2025,1519.582755
10/5/2025,9314699.621,10/5/2025,34783.09528,10/5/2025,1603.563973,10/5/2025,6335.343566,10/5/2025,1521.409897
10/6/2025,9353059.317,10/6/2025,35589.33739,10/6/2025,1615.635601,10/6/2025,6223.695277,10/6/2025,1527.926933
10/7/2025,9353748.631,10/7/2025,35613.13017,10/7/2025,1634.29697,10/7/2025,6224.10676,10/7/2025,1529.999828
10/8/2025,9375261.495,10/8/2025,35710.07123,10/8/2025,1632.36159,10/8/2025,6228.743609,10/8/2025,1531.704861
10/9/2025,9401486.575,10/9/2025,35602.70357,10/9/2025,1627.624959,10/9/2025,6228.922206,10/9/2025,1530.809796
10/10/2025,9384919.947,10/10/2025,35684.59606,10/10/2025,1633.031315,10/10/2025,6234.511178,10/10/2025,1528.087596
10/11/2025,9419319.543,10/11/2025,35089.1576,10/11/2025,1705.405789,10/11/2025,6309.089346,10/11/2025,1524.160593
10/12/2025,9385781.111,10/12/2025,35046.85657,10/12/2025,1615.940128,10/12/2025,6362.461484,10/12/2025,1526.518443
10/13/2025,9388316.234,10/13/2025,35901.21298,10/13/2025,1642.337191,10/13/2025,6252.598168,10/13/2025,1535.666498
10/14/2025,9426571.782,10/14/2025,35776.60835,10/14/2025,1644.744298,10/14/2025,6254.511742,10/14/2025,1536.869815
10/15/2025,9447172.134,10/15/2025,35694.00463,10/15/2025,1648.040474,10/15/2025,6260.354509,10/15/2025,1541.299529
10/16/2025,9476767.753,10/16/2025,35886.18015,10/16/2025,1648.669447,10/16/2025,6261.436265,10/16/2025,1535.885736
10/17/2025,9440031.45,10/17/2025,35990.36386,10/17/2025,1636.815711,10/17/2025,6267.62569,10/17/2025,1541.683799
10/18/2025,9436852.667,10/18/2025,35267.43253,10/18/2025,1730.800982,10/18/2025,6342.508036,10/18/2025,1533.507922
10/19/2025,9438315.633,10/19/2025,35196.91781,10/19/2025,1643.447053,10/19/2025,6395.900453,10/19/2025,1537.179549
10/20/2025,9513090.591,10/20/2025,35931.03229,10/20/2025,1660.452227,10/20/2025,6285.791238,10/20/2025,1546.52622
10/21/2025,9479151.812,10/21/2025,36061.27256,10/21/2025,1661.91445,10/21/2025,6287.215077,10/21/2025,1546.748284
10/22/2025,9516421.467,10/22/2025,36110.67465,10/22/2025,1656.808921,10/22/2025,6292.350389,10/22/2025,1549.654182
10/23/2025,9539858.457,10/23/2025,36184.14366,10/23/2025,1660.62533,10/23/2025,6292.535936,10/23/2025,1552.02976
10/24/2025,9485722.505,10/24/2025,36211.59241,10/24/2025,1662.691301,10/24/2025,6297.671235,10/24/2025,1546.427032
10/25/2025,9491215.652,10/25/2025,35585.69772,10/25/2025,1737.338497,10/25/2025,6371.373239,10/25/2025,1543.398493
10/26/2025,9537891.621,10/26/2025,35611.71094,10/26/2025,1644.757906,10/26/2025,6423.490672,10/26/2025,1543.915311
10/27/2025,9530840.466,10/27/2025,36259.87276,10/27/2025,1657.853082,10/27/2025,6312.042328,10/27/2025,1552.992502
10/28/2025,9574740.08,10/28/2025,36369.70673,10/28/2025,1653.550284,10/28/2025,6312.091427,10/28/2025,1554.157596
10/29/2025,9573047.226,10/29/2025,36366.2085,10/29/2025,1662.660235,10/29/2025,6315.842168,10/29/2025,1556.069147
10/30/2025,9562234.343,10/30/2025,36367.80532,10/30/2025,1661.427243,10/30/2025,6314.655678,10/30/2025,1553.410984
10/31/2025,9555901.175,10/31/2025,36461.52248,10/31/2025,1652.706457,10/31/2025,6318.449884,10/31/2025,1557.375097
11/1/2025,9577751.312,11/1/2025,35805.28833,11/1/2025,1736.603269,11/1/2025,6390.855825,11/1/2025,1545.167313
11/2/2025,9571765.295,11/2/2025,35765.31973,11/2/2025,1638.845066,11/2/2025,6441.731761,11/2/2025,1546.371144
11/3/2025,9641696.244,11/3/2025,36449.40358,11/3/2025,1659.315666,11/3/2025,6329.101436,11/3/2025,1556.876658
11/4/2025,9624230.232,11/4/2025,36515.83372,11/4/2025,1661.626922,11/4/2025,6328.028535,11/4/2025,1561.372187
11/5/2025,9641319.437,11/5/2025,36433.58168,11/5/2025,1666.839997,11/5/2025,6330.713525,11/5/2025,1560.519972
11/6/2025,9648652.114,11/6/2025,36387.72691,11/6/2025,1666.523772,11/6/2025,6328.510023,11/6/2025,1560.605737
11/7/2025,9644027.29,11/7/2025,36601.49659,11/7/2025,1654.963589,11/7/2025,6331.325223,11/7/2025,1562.020063
11/8/2025,9641263.897,11/8/2025,35893.96727,11/8/2025,1738.45848,11/8/2025,6402.776876,11/8/2025,1553.528005
11/9/2025,9643922.692,11/9/2025,35962.15902,11/9/2025,1648.292224,11/9/2025,6452.708165,11/9/2025,1555.645725
11/10/2025,9679328.878,11/10/2025,36634.85293,11/10/2025,1666.638304,11/10/2025,6339.126772,11/10/2025,1564.713083
11/11/2025,9695483.824,11/11/2025,36743.2552,11/11/2025,1678.384438,11/11/2025,6337.08021,11/11/2025,1564.652319
11/12/2025,9696424.213,11/12/2025,36815.27568,11/12/2025,1669.22206,11/12/2025,6338.753511,11/12/2025,1570.11343
11/13/2025,9687737.062,11/13/2025,36745.22253,11/13/2025,1684.451299,11/13/2025,6335.48644,11/13/2025,1570.677416
11/14/2025,9728590.769,11/14/2025,36830.76399,11/14/2025,1674.173796,11/14/2025,6337.174709,11/14/2025,1565.894426
11/15/2025,9721458.133,11/15/2025,36126.31324,11/15/2025,1771.74338,11/15/2025,6407.42767,11/15/2025,1565.090711
11/16/2025,9693885.913,11/16/2025,36190.27804,11/16/2025,1670.50842,11/16/2025,6456.083794,11/16/2025,1566.768401
11/17/2025,9717058.788,11/17/2025,36885.19568,11/17/2025,1691.634045,11/17/2025,6341.15023,11/17/2025,1574.817067
11/18/2025,9741109.472,11/18/2025,36868.38177,11/18/2025,1693.943248,11/18/2025,6337.678482,11/18/2025,1579.15846
11/19/2025,9797212.866,11/19/2025,37101.36554,11/19/2025,1696.790282,11/19/2025,6337.862296,11/19/2025,1579.937309
11/20/2025,9775327.361,11/20/2025,36944.48381,11/20/2025,1705.799692,11/20/2025,6333.054905,11/20/2025,1582.211528
11/21/2025,9775268.661,11/21/2025,36903.77162,11/21/2025,1709.245053,11/21/2025,6333.170122,11/21/2025,1583.113202
11/22/2025,9807580.692,11/22/2025,36358.52056,11/22/2025,1779.104891,11/22/2025,6401.839743,11/22/2025,1580.337759
11/23/2025,9785052.336,11/23/2025,36350.92604,11/23/2025,1694.52287,11/23/2025,6448.928582,11/23/2025,1581.60714
11/24/2025,9773098.776,11/24/2025,37119.74044,11/24/2025,1711.031625,11/24/2025,6332.473458,11/24/2025,1592.591256
11/25/2025,9823937.631,11/25/2025,37184.66863,11/25/2025,1713.115164,11/25/2025,6327.558148,11/25/2025,1595.010736
11/26/2025,9829048.442,11/26/2025,37143.94441,11/26/2025,1729.118527,11/26/2025,6326.410475,11/26/2025,1597.707208
11/27/2025,9815948.249,11/27/2025,37258.97434,11/27/2025,1731.057613,11/27/2025,6320.418647,11/27/2025,1598.883132
11/28/2025,9813330.423,11/28/2025,37243.66764,11/28/2025,1725.725644,11/28/2025,6319.531402,11/28/2025,1596.648548
11/29/2025,9835148.854,11/29/2025,36503.15787,11/29/2025,1799.051372,11/29/2025,6387.414427,11/29/2025,1590.135294
11/30/2025,9874988.909,11/30/2025,36390.12823,11/30/2025,1712.604851,11/30/2025,6433.964412,11/30/2025,1594.381286
12/1/2025,9841384.473,12/1/2025,37357.15084,12/1/2025,1739.819553,12/1/2025,6317.247081,12/1/2025,1602.624099
12/2/2025,9863925.725,12/2/2025,37161.38506,12/2/2025,1724.680489,12/2/2025,6312.371252,12/2/2025,1607.452564
12/3/2025,9868183.722,12/3/2025,37225.69406,12/3/2025,1743.923175,12/3/2025,6311.585104,12/3/2025,1613.689461
12/4/2025,9903814.787,12/4/2025,37369.75799,12/4/2025,1739.083045,12/4/2025,6306.291813,12/4/2025,1610.721932
12/5/2025,9928739.799,12/5/2025,37308.29075,12/5/2025,1728.369529,12/5/2025,6306.449111,12/5/2025,1608.403751
12/6/2025,9907462.624,12/6/2025,36489.33427,12/6/2025,1809.90826,12/6/2025,6375.725271,12/6/2025,1603.492632
12/7/2025,9930586.919,12/7/2025,36673.97091,12/7/2025,1723.29042,12/7/2025,6424.012882,12/7/2025,1607.191937
12/8/2025,9923356.834,12/8/2025,37191.71697,12/8/2025,1736.492099,12/8/2025,6309.366768,12/8/2025,1612.074402
12/9/2025,9940055.936,12/9/2025,37074.43191,12/9/2025,1725.2461,12/9/2025,6306.878107,12/9/2025,1618.345153
12/10/2025,9930859.574,12/10/2025,37424.29324,12/10/2025,1737.359859,12/10/2025,6308.770927,12/10/2025,1618.72274
12/11/2025,9957197.208,12/11/2025,37195.19721,12/11/2025,1731.581663,12/11/2025,6306.418129,12/11/2025,1619.388098
12/12/2025,9943639.077,12/12/2025,37263.55841,12/12/2025,1724.709128,12/12/2025,6309.741599,12/12/2025,1615.886443
12/13/2025,9984546.614,12/13/2025,36474.46692,12/13/2025,1801.740129,12/13/2025,6382.368873,12/13/2025,1611.640278
12/14/2025,9954135.38,12/14/2025,36600.55051,12/14/2025,1704.119221,12/14/2025,6434.147723,12/14/2025,1611.747443
12/15/2025,9988871.812,12/15/2025,37125.86893,12/15/2025,1721.353564,12/15/2025,6323.084977,12/15/2025,1619.884205
12/16/2025,9954904.319,12/16/2025,37259.14887,12/16/2025,1727.217207,12/16/2025,6324.221623,12/16/2025,1620.11408
12/17/2025,9995146.895,12/17/2025,37049.19264,12/17/2025,1722.539242,12/17/2025,6329.730335,12/17/2025,1619.478102
12/18/2025,10046797.94,12/18/2025,37237.36047,12/18/2025,1715.977116,12/18/2025,6330.932553,12/18/2025,1620.096226
12/19/2025,10027119.24,12/19/2025,37104.85775,12/19/2025,1721.121703,12/19/2025,6337.699644,12/19/2025,1620.868982
12/20/2025,10014460.79,12/20/2025,36480.67057,12/20/2025,1790.266742,12/20/2025,6413.610583,12/20/2025,1616.64791
12/21/2025,10059546.25,12/21/2025,36616.7019,12/21/2025,1702.117547,12/21/2025,6468.467508,12/21/2025,1617.455416
12/22/2025,10033842.48,12/22/2025,37253.82503,12/22/2025,1722.235302,12/22/2025,6360.235418,12/22/2025,1621.191304
12/23/2025,10094533.07,12/23/2025,37134.11814,12/23/2025,1724.539024,12/23/2025,6363.918058,12/23/2025,1625.785781
12/24/2025,10088077.48,12/24/2025,37253.59559,12/24/2025,1728.396586,12/24/2025,6371.65611,12/24/2025,1631.340245
12/25/2025,10094627.02,12/25/2025,37333.53562,12/25/2025,1717.256644,12/25/2025,6374.744802,12/25/2025,1626.0668
12/26/2025,10074594.11,12/26/2025,37386.94112,12/26/2025,1734.286209,12/26/2025,6383.035453,12/26/2025,1626.925944
12/27/2025,10117245.54,12/27/2025,36731.24964,12/27/2025,1793.816429,12/27/2025,6460.093397,12/27/2025,1620.267776
12/28/2025,10072115.41,12/28/2025,36822.5241,12/28/2025,1704.201402,12/28/2025,6515.713616,12/28/2025,1619.733473
12/29/2025,10126166.73,12/29/2025,37495.6076,12/29/2025,1727.836661,12/29/2025,6407.860384,12/29/2025,1630.736336
12/30/2025,10110898,12/30/2025,37584.8223,12/30/2025,1732.465153,12/30/2025,6411.542945,12/30/2025,1633.32923
12/31/2025,10158269.98,12/31/2025,37670.05208,12/31/2025,1742.383639,12/31/2025,6418.91337,12/31/2025,1636.587294
1/1/2026,10184130.78,1/1/2026,37759.51328,1/1/2026,1732.879987,1/1/2026,6421.283712,1/1/2026,1635.009518
1/2/2026,10157960.53,1/2/2026,37725.9676,1/2/2026,1732.825905,1/2/2026,6428.526998,1/2/2026,1638.790967
1/3/2026,9909644.053,1/3/2026,37071.57991,1/3/2026,1815.468343,1/3/2026,6504.234517,1/3/2026,1632.130648
1/4/2026,9897816.912,1/4/2026,37024.26761,1/4/2026,1713.874081,1/4/2026,6558.230757,1/4/2026,1636.572606
1/5/2026,9952293.073,1/5/2026,37629.44765,1/5/2026,1739.605116,1/5/2026,6448.512304,1/5/2026,1645.466372
1/6/2026,9983978.122,1/6/2026,37925.20628,1/6/2026,1746.515375,1/6/2026,6450.122774,1/6/2026,1647.546906
1/7/2026,10002564.95,1/7/2026,37840.51288,1/7/2026,1740.415824,1/7/2026,6455.249904,1/7/2026,1645.882008
1/8/2026,9969612.531,1/8/2026,37831.55862,1/8/2026,1739.578651,1/8/2026,6455.241982,1/8/2026,1652.123466
1/9/2026,10011820.99,1/9/2026,37851.29489,1/9/2026,1732.624658,1/9/2026,6460.008152,1/9/2026,1651.857633
1/10/2026,9976897.966,1/10/2026,37172.90382,1/10/2026,1818.29746,1/10/2026,6533.175062,1/10/2026,1647.6144
1/11/2026,9979972.45,1/11/2026,37220.19695,1/11/2026,1725.325523,1/11/2026,6584.60125,1/11/2026,1647.194205
1/12/2026,10026296.09,1/12/2026,37964.66698,1/12/2026,1736.955887,1/12/2026,6472.31556,1/12/2026,1656.217668
1/13/2026,10005188.67,1/13/2026,38034.20058,1/13/2026,1743.327481,1/13/2026,6471.391687,1/13/2026,1654.730624
1/14/2026,10077013.79,1/14/2026,37922.14454,1/14/2026,1743.437791,1/14/2026,6474.044979,1/14/2026,1658.567133
1/15/2026,10043414.01,1/15/2026,37990.80765,1/15/2026,1733.236033,1/15/2026,6471.648663,1/15/2026,1661.308642
1/16/2026,10058504.24,1/16/2026,37981.29147,1/16/2026,1735.390556,1/16/2026,6474.134043,1/16/2026,1658.488441
1/17/2026,10070124.75,1/17/2026,37490.59874,1/17/2026,1801.156724,1/17/2026,6545.147133,1/17/2026,1655.17533
1/18/2026,10062488.71,1/18/2026,37386.74083,1/18/2026,1712.672663,1/18/2026,6594.563088,1/18/2026,1650.427402
1/19/2026,10093176.57,1/19/2026,37961.58757,1/19/2026,1737.747829,1/19/2026,6480.424754,1/19/2026,1663.827445
1/20/2026,10078797.84,1/20/2026,38084.92844,1/20/2026,1730.341217,1/20/2026,6477.817377,1/20/2026,1662.867865
1/21/2026,10071289.78,1/21/2026,37962.31193,1/21/2026,1734.900245,1/21/2026,6478.965623,1/21/2026,1666.163604
1/22/2026,10081896.79,1/22/2026,37897.82696,1/22/2026,1732.232687,1/22/2026,6475.250045,1/22/2026,1667.233245
1/23/2026,10123516.77,1/23/2026,37869.67863,1/23/2026,1728.302257,1/23/2026,6476.607518,1/23/2026,1663.789137
1/24/2026,10125732.87,1/24/2026,37264.43763,1/24/2026,1816.718321,1/24/2026,6546.688115,1/24/2026,1657.753609
1/25/2026,10103449.24,1/25/2026,37305.0344,1/25/2026,1723.557967,1/25/2026,6595.369755,1/25/2026,1660.740052
1/26/2026,10166992.73,1/26/2026,37879.1511,1/26/2026,1732.321082,1/26/2026,6480.696936,1/26/2026,1665.383915
1/27/2026,10156831.61,1/27/2026,38017.97048,1/27/2026,1742.057433,1/27/2026,6477.755588,1/27/2026,1673.972887
1/28/2026,10149364.48,1/28/2026,38013.16963,1/28/2026,1761.465834,1/28/2026,6478.770178,1/28/2026,1673.973047
1/29/2026,10170066.58,1/29/2026,37942.73991,1/29/2026,1755.532109,1/29/2026,6475.120219,1/29/2026,1668.717862
1/30/2026,10167149.19,1/30/2026,38014.75796,1/30/2026,1740.077813,1/30/2026,6476.120219,1/30/2026,1673.2646
1/31/2026,10175228.7,1/31/2026,37390.63896,1/31/2026,1823.945421,1/31/2026,6547.278754,1/31/2026,1665.711131
2/1/2026,10186961.55,2/1/2026,37406.99289,2/1/2026,1739.699842,2/1/2026,6596.608438,2/1/2026,1664.639486
